keyword,salary_group,job_title,text,tokens,text_cut
数据分析师,非高薪岗位,数据分析师,数据分析师 岗位职责： 1、深入理解业务，与产品研发配合，进行数据治理，高效为业务提供数据支持； 2、通过数据分析，驱动产品及运营优化； 3、能主动发现和识别业务问题，结合业务目标构建分析模型，为产品数据化运营提供解决方案。 任职要求: 1、统计学、数学、计算机等理工科专业； 2、熟练使用Python、SQL、Shell、Excel等数据处理分析工具； 3、熟悉 Python 科学计算类工具库，NumPy、Pandas； 3、对数据敏感，逻辑思维缜密，总结及表达能力好； 4、学习能力好，抗压能力强，能快速学习接受新事物。 职位福利：五险一金、周末双休、大牛带队、定期体检、节日福利,"['数据', '分析师', '理解', '业务', '产品', '研发', '数据', '治理', '高效', '业务', '提供数据', '数据分析', '驱动', '产品', '运营', '优化', '主动', '发现', '识别', '业务', '业务', '目标', '构建', '分析模型', '产品', '数据', '运营', '解决方案', '统计学', '数学', '计算机', '理工科', 'python', 'sql', 'shell', 'excel', '数据处理', '分析', 'python', '科学计算', 'numpy', 'pandas', '数据', '敏感', '逻辑思维', '缜密', '表达能力', '抗压', '快速', '接受', '事物', '大牛', '带队', '定期', '节日']",数据 分析师 理解 业务 产品 研发 数据 治理 高效 业务 提供数据 数据分析 驱动 产品 运营 优化 主动 发现 识别 业务 业务 目标 构建 分析模型 产品 数据 运营 解决方案 统计学 数学 计算机 理工科 python sql shell excel 数据处理 分析 python 科学计算 numpy pandas 数据 敏感 逻辑思维 缜密 表达能力 抗压 快速 接受 事物 大牛 带队 定期 节日
数据分析师,高薪岗位,政务高级数据分析师,政务高级数据分析师 岗位职责 1. 参与宏观经济、政策评估等模型的开发与迭代，完成政务数据的深度挖掘与专题分析。 2. 协助数据分析流程的落地与优化，独立完成数据清洗、特征工程及可视化报告输出。 3. 协同业务部门，将政策需求转化为数据分析目标，产出决策支持建议与数据产品。 4. 跟进前沿分析方法的应用，参与数据产品规划，并协助团队知识沉淀与能力提升。 5. 负责团队建设、人才培养，建立高效、规范的政务数据分析工作流程与质量标准。 任职要求 1. 经济学、统计学、计算机等相关专业本科及以上学历。 2. 5年以上数据分析 与算法 经验， 其中至少2年团队管理经验 ;具备政务、经济或金融领域项目经验者优先。 3. 精通Python/SQL，熟练使用主流可视化工具，具备扎实的建模与数据分析能力。 4. 逻辑清晰，具备优秀的数据解读、跨部门沟通能力与自主学习意识。 5. 责任心强，具备良好的抗压能力、团队协作精神及保密意识。 我们提供： 参与塑造智慧城市核心数据能力的宝贵机会。 与政府高层决策者直接对话、发挥影响力的平台。 具有竞争力的薪酬福利和职业发展通道。 稳定、规范且富有社会价值的工作环境。,"['政务', '高级', '数据', '分析师', '宏观经济', '政策', '评估', '模型', '开发', '迭代', '政务', '数据', '深度', '挖掘', '专题', '分析', '数据分析', '流程', '落地', '优化', '独立', '数据', '清洗', '特征', '工程', '可视化', '报告', '输出', '业务部门', '政策', '需求', '转化', '数据分析', '目标', '产出', '决策', '建议', '数据', '产品', '前沿', '分析方法', '数据', '产品', '规划', '知识', '沉淀', '提升', '建设', '人才培养', '建立', '高效', '规范', '政务', '数据分析', '流程', '质量标准', '经济学', '统计学', '计算机', '数据分析', '算法', '至少', '管理', '政务', '经济', '金融', '领域', '项目', '精通', 'python', 'sql', '主流', '可视化', '扎实', '建模', '数据分析', '逻辑', '清晰', '数据', '解读', '跨部门', '自主', '意识', '责任心', '抗压', '协作', '精神', '保密', '意识', '塑造', '智慧', '城市核心', '数据', '宝贵机会', '政府', '高层', '决策者', '直接对话', '发挥', '影响力', '平台', '竞争力', '薪酬', '职业', '发展', '通道', '稳定', '规范', '富有', '社会', '价值', '环境']",政务 高级 数据 分析师 宏观经济 政策 评估 模型 开发 迭代 政务 数据 深度 挖掘 专题 分析 数据分析 流程 落地 优化 独立 数据 清洗 特征 工程 可视化 报告 输出 业务部门 政策 需求 转化 数据分析 目标 产出 决策 建议 数据 产品 前沿 分析方法 数据 产品 规划 知识 沉淀 提升 建设 人才培养 建立 高效 规范 政务 数据分析 流程 质量标准 经济学 统计学 计算机 数据分析 算法 至少 管理 政务 经济 金融 领域 项目 精通 python sql 主流 可视化 扎实 建模 数据分析 逻辑 清晰 数据 解读 跨部门 自主 意识 责任心 抗压 协作 精神 保密 意识 塑造 智慧 城市核心 数据 宝贵机会 政府 高层 决策者 直接对话 发挥 影响力 平台 竞争力 薪酬 职业 发展 通道 稳定 规范 富有 社会 价值 环境
数据分析师,非高薪岗位,数据分析师（应届生）,数据分析师（应届生） 依据业务需求及目标，用专业的数据分析能力帮助客户解决业务问题、挖掘数据价值，助力客户数据 价值释放，包括数据处理、分析建模、数据挖掘、数据分析报告编写等相关工作。 我们需要您： 1.了解 GPT，熟练使用者优先录用; 2.了解数据分析建模整个流程，掌握基础统计分析算法，熟悉主流的分类、聚类、时序数据预测等数 据挖掘算法及常见的 SQL 语句； 3.能将业务需求转为数据需求，熟练使用 Python 构建算法模型，了解 R、SAS、SPSS 等分析工具构建 挖掘分析场景； 4.较好的沟通表达、学习和理解能力，能够快速理解团队小伙伴的想法、客户的业务痛点。 假若： 您是统招硕士学历，数学与应用数学、计算机、自动化、模式识别、智能系统、统计学、数据挖掘等 专业/研究方向，愿意“用数据分析思维及技术帮助客户创造更大价值”，欢迎加入！,"['数据', '分析师', '应届生', '业务', '需求', '目标', '数据分析', '客户', '解决', '业务', '挖掘', '数据', '价值', '助力', '客户', '数据', '价值', '释放', '数据处理', '分析', '建模', '数据挖掘', '数据分析', '报告', '编写', 'gpt', '数据分析', '建模', '流程', '基础', '统计分析', '算法', '主流', '分类', '聚类', '时序', '数据', '预测', '等数', '挖掘', '算法', '常见', 'sql', '语句', '业务', '需求', '转为', '数据', '需求', 'python', '构建', '算法', '模型', 'r', 'sas', 'spss', '分析', '构建', '挖掘', '分析', '场景', '理解能力', '快速', '理解', '小伙伴', '想法', '客户', '业务', '痛点', '统招', '数学', '数学', '计算机', '自动化', '模式识别', '智能', '系统', '统计学', '数据挖掘', '研究', '数据分析', '思维', '技术', '客户', '创造', '更大', '价值']",数据 分析师 应届生 业务 需求 目标 数据分析 客户 解决 业务 挖掘 数据 价值 助力 客户 数据 价值 释放 数据处理 分析 建模 数据挖掘 数据分析 报告 编写 gpt 数据分析 建模 流程 基础 统计分析 算法 主流 分类 聚类 时序 数据 预测 等数 挖掘 算法 常见 sql 语句 业务 需求 转为 数据 需求 python 构建 算法 模型 r sas spss 分析 构建 挖掘 分析 场景 理解能力 快速 理解 小伙伴 想法 客户 业务 痛点 统招 数学 数学 计算机 自动化 模式识别 智能 系统 统计学 数据挖掘 研究 数据分析 思维 技术 客户 创造 更大 价值
数据分析师,非高薪岗位,数据分析师,数据分析师 1、岗位职责： 根据客户业务，进行需求搜集、调研，提供需求总结、调研报告，持续迭代； 定期进行专题分析、综合分析，撰写研究报告。 2、岗位要求： 国际关系相关专业优先； 硕士及以上学历； 热爱JS行业，BD背景优先； 优秀的数据收集分析和需求分析能力，长期关注热点新闻等； 较好的英文阅读能力和报告撰写能力； 较强的行业洞察能力和分析能力，具有较强的责任意识； 较强的沟通和协作能力，较强的表达和理解能力；； 欢迎优秀应届毕业生！,"['数据', '分析师', '客户', '业务', '需求', '搜集', '调研', '需求', '调研', '报告', '持续', '迭代', '定期', '专题', '分析', '综合', '分析', '撰写', '研究', '报告', '国际', '关系', '热爱', 'js', '行业', 'bd', '背景', '数据', '收集', '分析', '需求', '分析', '长期', '关注', '热点新闻', '英文', '阅读', '报告', '撰写', '行业', '洞察', '分析', '责任意识', '协作', '理解能力', '应届', '毕业生']",数据 分析师 客户 业务 需求 搜集 调研 需求 调研 报告 持续 迭代 定期 专题 分析 综合 分析 撰写 研究 报告 国际 关系 热爱 js 行业 bd 背景 数据 收集 分析 需求 分析 长期 关注 热点新闻 英文 阅读 报告 撰写 行业 洞察 分析 责任意识 协作 理解能力 应届 毕业生
数据分析师,高薪岗位,算法工程师/高级数据分析师（政务方向）,算法工程师/高级数据分析师（政务方向） 岗位职责描述 1. 牵头宏观经济、微观经济预测归因等模型的开发与迭代，完成政务数据的深度挖掘与专题分析。 2. 协助数据分析流程的落地与优化，独立完成数据清洗、特征工程及可视化报告输出。 3. 协同业务部门，将政策需求转化为数据分析目标，产出决策支持建议与数据产品。 4. 跟进前沿分析方法的应用，参与数据产品规划，并协助团队知识沉淀与能力提升。 5. 负责团队建设、人才培养，建立高效、规范的政务数据分析工作流程与质量标准。 任职条件描述 1. 经济学、统计学、计算机等相关专业本科及以上学历。 2. 5年以上数据分析与算法经验，其中至少2年团队管理经验;具备政务、经济或金融领域项目经验者优先。 3. 精通Python/SQL，熟练使用主流可视化工具，具备扎实的建模与数据分析能力。 4. 逻辑清晰，具备优秀的数据解读、跨部门沟通能力与自主学习意识。 5. 责任心强，具备良好的抗压能力、团队协作精神及保密意识。,"['算法', '工程师', '高级', '数据', '分析师', '政务', '牵头', '宏观经济', '微观经济', '预测', '归因', '模型', '开发', '迭代', '政务', '数据', '深度', '挖掘', '专题', '分析', '数据分析', '流程', '落地', '优化', '独立', '数据', '清洗', '特征', '工程', '可视化', '报告', '输出', '业务部门', '政策', '需求', '转化', '数据分析', '目标', '产出', '决策', '建议', '数据', '产品', '前沿', '分析方法', '数据', '产品', '规划', '知识', '沉淀', '提升', '建设', '人才培养', '建立', '高效', '规范', '政务', '数据分析', '流程', '质量标准', '经济学', '统计学', '计算机', '数据分析', '算法', '至少', '管理', '政务', '经济', '金融', '领域', '项目', '精通', 'python', 'sql', '主流', '可视化', '扎实', '建模', '数据分析', '逻辑', '清晰', '数据', '解读', '跨部门', '自主', '意识', '责任心', '抗压', '协作', '精神', '保密', '意识']",算法 工程师 高级 数据 分析师 政务 牵头 宏观经济 微观经济 预测 归因 模型 开发 迭代 政务 数据 深度 挖掘 专题 分析 数据分析 流程 落地 优化 独立 数据 清洗 特征 工程 可视化 报告 输出 业务部门 政策 需求 转化 数据分析 目标 产出 决策 建议 数据 产品 前沿 分析方法 数据 产品 规划 知识 沉淀 提升 建设 人才培养 建立 高效 规范 政务 数据分析 流程 质量标准 经济学 统计学 计算机 数据分析 算法 至少 管理 政务 经济 金融 领域 项目 精通 python sql 主流 可视化 扎实 建模 数据分析 逻辑 清晰 数据 解读 跨部门 自主 意识 责任心 抗压 协作 精神 保密 意识
数据分析师,非高薪岗位,银行开发工程师 / 数据分析师（金融方向）,银行开发工程师 / 数据分析师（金融方向） 岗位职责 1. 负责银行内部业务报表的需求沟通、设计、开发与测试工作。 2. 使用SQL语言进行复杂数据查询、提取、清洗和加工，满足各类数据分析与报表需求。 3. 运用Java或Python等编程语言，开发和维护自动化报表生成工具与数据流程。 4. 与业务部门（如风控、财务、营销等）紧密合作，将业务需求转化为技术解决方案。 5. 确保报表数据的准确性、及时性和安全性，遵守银行数据治理规范。 6. 优化现有的报表系统和数据查询效率，提升数据处理性能。 任职要求 · 必备条件： · 本科及以上学历，计算机科学、信息技术、统计学、金融工程或相关专业。 · 熟练掌握SQL语言，具备优秀的数据库查询、优化能力，有使用Oracle、DB2、MySQL等一种或多种数据库的经验。 · 至少掌握Java或Python其中一门编程语言，并有实际项目开发经验。 · 具备良好的逻辑思维能力、数据分析能力和问题解决能力。 · 工作细致认真，有强烈的责任心和良好的团队协作精神。 · 优先考虑： · 有银行、保险、证券等金融机构相关工作经验者优先。 · 有报表开发、商业智能（BI）项目经验者优先（熟悉FineReport、Tableau、Power BI等报表工具者更佳）。 · 熟悉Linux操作系统常用命令，了解Shell脚本者优先。 · 了解数据仓库（如Hadoop、Hive）相关技术者优先。 我们期待您的加入！,"['银行', '开发', '工程师', '数据', '分析师', '金融', '银行', '内部', '业务', '报表', '需求', '设计', '开发', '测试', 'sql', '语言', '数据', '查询', '提取', '清洗', '加工', '各类', '数据分析', '报表', '需求', 'java', 'python', '编程语言', '开发', '维护', '自动化', '报表', '生成', '数据', '流程', '业务部门', '如风控', '财务', '营销', '紧密', '合作', '业务', '需求', '转化', '技术', '解决方案', '确保', '报表', '数据', '准确性', '及时性', '安全性', '遵守', '银行', '数据', '治理', '规范', '优化', '现有', '报表', '系统', '数据', '查询', '效率', '提升', '数据处理', '性能', '必备条件', '计算机科学', '信息技术', '统计学', '金融', '工程', 'sql', '语言', '数据库', '查询', '优化', 'oracle', 'db2', 'mysql', '一种', '多种', '数据库', '至少', 'java', 'python', '一门', '编程语言', '项目', '开发', '逻辑思维', '数据分析', '解决', '细致', '责任心', '协作', '精神', '银行', '证券', '金融机构', '报表', '开发', '商业智能', 'bi', '项目', 'finereport', 'tableau', 'powerbi', '报表', '更佳', 'linux', '操作系统', '常用命令', 'shell', '脚本', '数据仓库', 'hadoop', 'hive', '技术', '期待']",银行 开发 工程师 数据 分析师 金融 银行 内部 业务 报表 需求 设计 开发 测试 sql 语言 数据 查询 提取 清洗 加工 各类 数据分析 报表 需求 java python 编程语言 开发 维护 自动化 报表 生成 数据 流程 业务部门 如风控 财务 营销 紧密 合作 业务 需求 转化 技术 解决方案 确保 报表 数据 准确性 及时性 安全性 遵守 银行 数据 治理 规范 优化 现有 报表 系统 数据 查询 效率 提升 数据处理 性能 必备条件 计算机科学 信息技术 统计学 金融 工程 sql 语言 数据库 查询 优化 oracle db2 mysql 一种 多种 数据库 至少 java python 一门 编程语言 项目 开发 逻辑思维 数据分析 解决 细致 责任心 协作 精神 银行 证券 金融机构 报表 开发 商业智能 bi 项目 finereport tableau powerbi 报表 更佳 linux 操作系统 常用命令 shell 脚本 数据仓库 hadoop hive 技术 期待
数据分析师,非高薪岗位,大模型ai数据分析师,"大模型ai数据分析师 工作职责： 1. 配合完成LLM相关的应用开发； 2. 配合完成数据分析、预测及相关方向的研究、开发； 3. 保持技术热情，时刻关注前沿技术和动向。 岗位要求： 1. 0-2年工作经验，接受应届生，理工科专业本科及以上学历； 2. 熟悉一门开发语言并能在工作中熟练使用（包括但不限于python, golang, typescript, c++） 3. 拥有良好的代码规范意识和基本的软件工程思想； 4. 了解数据库在生产环境的基本使用（包括但不限于MySQL, PostgreSQL, MongoDB, Redis, Elasticsearch）； 5. 了解LLM、prompt engineering开发或对之有浓厚的兴趣； 6. 了解docker，git等工具的基本使用； 7. 了解linux的基本命令； 8. 良好的自驱力和技术素养。","['模型', 'ai', '数据', '分析师', '职责', 'llm', '开发', '数据分析', '预测', '研究', '开发', '技术', '热情', '时刻', '关注', '前沿技术', '动向', '接受', '应届生', '理工科', '一门', '开发', '语言', '在工作中', '限于', 'python', 'golang', 'typescript', 'c++', '拥有', '代码', '规范', '意识', '软件工程', '思想', '数据库', '生产', '环境', '限于', 'mysql', 'postgresql', 'mongodb', 'redis', 'elasticsearch', 'llm', 'prompt', 'engineering', '开发', '浓厚', '兴趣', 'docker', 'git', 'linux', '命令', '自驱力', '技术', '素养']",模型 ai 数据 分析师 职责 llm 开发 数据分析 预测 研究 开发 技术 热情 时刻 关注 前沿技术 动向 接受 应届生 理工科 一门 开发 语言 在工作中 限于 python golang typescript c++ 拥有 代码 规范 意识 软件工程 思想 数据库 生产 环境 限于 mysql postgresql mongodb redis elasticsearch llm prompt engineering 开发 浓厚 兴趣 docker git linux 命令 自驱力 技术 素养
数据分析师,非高薪岗位,数据分析师（周末双休）,数据分析师（周末双休） 岗位描述： 1、与政府统计、工信、科技、发改等部门进行沟通，对接客户经济运行监测分析需求，搭建经济运行分析架构；要求能够敏锐识别需求，能够甄别客户真需求及伪需求，能够精准把握客户痛点难点并迅速转化为分析框架； 2、负责地区经济数据、企业数据处理，搭建业务数据指标体系，对产业数据运行进行挖掘分析；能够快速响应客户需求，能够针对客户的问题快速提供精准的数据指标、报表等服务； 3、撰写地区经济运行、工业、商业及服务业运行分析报告，为地区经济运行管理决策提供支撑；能够围绕客户的KPI、痛点需求，基于坚实的数据分析提供高质量的报告，能够给客户带来强的获得感； 4、牵头组织课题研究，协调团队成员推进项目，指导小组成员开展咨询服务；具备很强的团队协作意识，具备快速学习能力。 任职条件描述 1、本科及以上学历，经济、统计、数学等相关专业；相关竞赛获奖优先录取； 2、有较好的文字功底，发表过文章的优先； 3、逻辑清晰，沟通表达能力强； 4、有过产业经济咨询研究项目经验优先； 5、数理能力强，会用大模型、Python、SPSS等统计分析工具优先。 1、与政府统计、工信、科技、发改等部门进行沟通，对接客户经济运行监测分析需求，搭建经济运行分析架构；要求能够敏锐识别需求，能够甄别客户真需求及伪需求，能够精准把握客户痛点难点并迅速转化为分析框架； 2、负责地区经济数据、企业数据处理，搭建业务数据指标体系，对产业数据运行进行挖掘分析；能够快速响应客户需求，能够针对客户的问题快速提供精准的数据指标、报表等服务； 3、撰写地区经济运行、工业、商业及服务业运行分析报告，为地区经济运行管理决策提供支撑；能够围绕客户的KPI、痛点需求，基于坚实的数据分析提供高质量的报告，能够给客户带来强的获得感； 4、牵头组织课题研究，协调团队成员推进项目，指导小组成员开展咨询服务；具备很强的团队协作意识，具备快速学习能力。 任职条件描述 1、本科及以上学历，经济、统计、数学等相关专业；相关竞赛获奖优先录取； 2、有较好的文字功底，发表过文章的优先； 3、逻辑清晰，沟通表达能力强； 4、有过产业经济咨询研究项目经验优先； 5、数理能力强，会用大模型、Python、SPSS等统计分析工具优先。,"['数据', '分析师', '政府', '统计', '工信', '科技', '发改', '对接', '客户', '经济运行', '监测', '分析', '需求', '搭建', '经济运行', '分析', '架构', '敏锐', '识别', '需求', '甄别', '客户', '需求', '需求', '精准', '把握', '客户', '痛点', '难点', '转化', '分析', '框架', '地区', '经济', '数据', '企业', '数据处理', '搭建', '业务', '数据', '指标体系', '产业', '数据', '运行', '挖掘', '分析', '快速', '响应', '客户', '需求', '客户', '快速', '精准', '数据', '指标', '报表', '服务', '撰写', '地区', '经济运行', '工业', '商业', '服务业', '运行', '分析报告', '地区', '经济运行', '管理决策', '支撑', '围绕', '客户', 'kpi', '痛点', '需求', '坚实', '数据分析', '高质量', '报告', '客户', '带来', '牵头', '组织', '课题', '研究', '协调', '成员', '项目', '指导', '小组', '成员', '咨询服务', '很强', '协作', '意识', '快速', '经济', '统计', '数学', '竞赛', '获奖', '录取', '文字', '功底', '发表', '文章', '逻辑', '清晰', '表达能力', '有过', '产业', '经济', '咨询', '研究', '项目', '数理', '会用', '模型', 'python', 'spss', '统计分析', '政府', '统计', '工信', '科技', '发改', '对接', '客户', '经济运行', '监测', '分析', '需求', '搭建', '经济运行', '分析', '架构', '敏锐', '识别', '需求', '甄别', '客户', '需求', '需求', '精准', '把握', '客户', '痛点', '难点', '转化', '分析', '框架', '地区', '经济', '数据', '企业', '数据处理', '搭建', '业务', '数据', '指标体系', '产业', '数据', '运行', '挖掘', '分析', '快速', '响应', '客户', '需求', '客户', '快速', '精准', '数据', '指标', '报表', '服务', '撰写', '地区', '经济运行', '工业', '商业', '服务业', '运行', '分析报告', '地区', '经济运行', '管理决策', '支撑', '围绕', '客户', 'kpi', '痛点', '需求', '坚实', '数据分析', '高质量', '报告', '客户', '带来', '牵头', '组织', '课题', '研究', '协调', '成员', '项目', '指导', '小组', '成员', '咨询服务', '很强', '协作', '意识', '快速', '经济', '统计', '数学', '竞赛', '获奖', '录取', '文字', '功底', '发表', '文章', '逻辑', '清晰', '表达能力', '有过', '产业', '经济', '咨询', '研究', '项目', '数理', '会用', '模型', 'python', 'spss', '统计分析']",数据 分析师 政府 统计 工信 科技 发改 对接 客户 经济运行 监测 分析 需求 搭建 经济运行 分析 架构 敏锐 识别 需求 甄别 客户 需求 需求 精准 把握 客户 痛点 难点 转化 分析 框架 地区 经济 数据 企业 数据处理 搭建 业务 数据 指标体系 产业 数据 运行 挖掘 分析 快速 响应 客户 需求 客户 快速 精准 数据 指标 报表 服务 撰写 地区 经济运行 工业 商业 服务业 运行 分析报告 地区 经济运行 管理决策 支撑 围绕 客户 kpi 痛点 需求 坚实 数据分析 高质量 报告 客户 带来 牵头 组织 课题 研究 协调 成员 项目 指导 小组 成员 咨询服务 很强 协作 意识 快速 经济 统计 数学 竞赛 获奖 录取 文字 功底 发表 文章 逻辑 清晰 表达能力 有过 产业 经济 咨询 研究 项目 数理 会用 模型 python spss 统计分析 政府 统计 工信 科技 发改 对接 客户 经济运行 监测 分析 需求 搭建 经济运行 分析 架构 敏锐 识别 需求 甄别 客户 需求 需求 精准 把握 客户 痛点 难点 转化 分析 框架 地区 经济 数据 企业 数据处理 搭建 业务 数据 指标体系 产业 数据 运行 挖掘 分析 快速 响应 客户 需求 客户 快速 精准 数据 指标 报表 服务 撰写 地区 经济运行 工业 商业 服务业 运行 分析报告 地区 经济运行 管理决策 支撑 围绕 客户 kpi 痛点 需求 坚实 数据分析 高质量 报告 客户 带来 牵头 组织 课题 研究 协调 成员 项目 指导 小组 成员 咨询服务 很强 协作 意识 快速 经济 统计 数学 竞赛 获奖 录取 文字 功底 发表 文章 逻辑 清晰 表达能力 有过 产业 经济 咨询 研究 项目 数理 会用 模型 python spss 统计分析
数据分析师,高薪岗位,数据建模分析师,数据建模分析师 招聘岗位： 1、负责经济和社会统计调查数据建模，如产业园区经济指标预测、海洋经济判断建模、文化产业规模推算等； 2、负责经济和社会研究课题数据建模，如人口大数据建模、手机信令大数据建模、地理信息大数据建模等； 3、其他统计数据建模工作。 岗位要求： 1、普通高等院校硕士研究生学历并获得相应学位，统计学、经济学、社会学和数学专业优先； 2、掌握统计数据建模方法，熟练应用Ｒ、python等统计建模分析软件者优先； 3、具有良好的职业道德，诚实守信、踏实稳重、工作细心、责任心强，有团队协作精神。 职位福利：五险一金、绩效奖金、带薪年假、弹性工作、补充医疗保险、定期体检、员工旅游、高温补贴,"['数据建模', '分析师', '招聘', '经济', '社会', '统计调查', '数据建模', '产业园', '经济指标', '预测', '海洋', '经济', '判断', '建模', '文化产业', '规模', '推算', '经济', '社会', '研究课题', '数据建模', '人口', '数据建模', '手机', '信令', '数据建模', '地理信息', '数据建模', '统计', '数据建模', '高等院校', '研究生', '学位', '统计学', '经济学', '社会学', '数学', '统计', '数据建模', '方法', 'r', 'python', '统计', '建模', '分析', '软件', '职业道德', '诚实', '守信', '踏实', '稳重', '细心', '责任心', '协作', '精神', '绩效奖金', '弹性', '补充', '医疗保险', '定期', '员工', '高温']",数据建模 分析师 招聘 经济 社会 统计调查 数据建模 产业园 经济指标 预测 海洋 经济 判断 建模 文化产业 规模 推算 经济 社会 研究课题 数据建模 人口 数据建模 手机 信令 数据建模 地理信息 数据建模 统计 数据建模 高等院校 研究生 学位 统计学 经济学 社会学 数学 统计 数据建模 方法 r python 统计 建模 分析 软件 职业道德 诚实 守信 踏实 稳重 细心 责任心 协作 精神 绩效奖金 弹性 补充 医疗保险 定期 员工 高温
数据分析师,非高薪岗位,电商数据分析师/亚马逊运营(地铁口/13薪),电商数据分析师/亚马逊运营(地铁口/13薪) 【地铁口│十三薪│免费工作餐│精品模式│自主研发产品│多项海外专利│一对一培训│定制职业发展│团队幸福感强】 岗位职责： 1. 深入调研目标市场，分析市场趋势与环境；多维度评估竞品动态； 2. 制定并执行销售策略与推广计划，根据数据变化灵活调整； 3. 定期分析销售与库存数据，优化库存周转率，确保安全库存； 4. 维护Amazon店铺健康运营，管控风险，确保各项指标达标。 任职要求： 1. 本科及以上学历，理科专业背景优先； 2. 熟练使用Excel，具备较强的数据分析能力和逻辑思维； 3. 英语CET-6或同等水平，能够流畅阅读英文资料； 4. 有1年以上相关工作经验；提供一对一导师带教。 我们的福利： 【社保五险】按国家规定 【员工旅游】每年1-2次旅游 【包工作餐】提供免费的工作餐 【生日福利】每年生日会收到美美的蛋糕以及大家的温馨祝福 【娱乐活动】各种娱乐、文体、聚餐、年会活动等您来参加 【传统佳节】每年的传统佳节都会收到大大的礼包 【加薪制度】每年年底有加薪机会。从不降薪！ 杭州总部地址：浙江省杭州市上城区丁桥金色大唐城3幢 武汉分部地址：湖北省武汉市洪山区书城路窝牛创意大厦（地铁8号线文昌路站C或D出口；出站步行5分钟内可到公司大楼）,"['电商', '数据', '分析师', '亚马逊', '运营', '地铁口', '地铁口', '十三', '免费', '工作餐', '精品', '模式', '自主', '研发', '产品', '多项', '海外', '专利', '一对一', '定制', '职业', '发展', '幸福感', '调研', '目标', '市场', '分析', '市场趋势', '环境', '多维度', '评估', '竞品', '动态', '制定', '销售策略', '推广', '计划', '数据', '变化', '灵活', '调整', '定期', '分析', '销售', '库存', '数据', '优化', '库存', '周转率', '确保安全', '库存', '维护', 'amazon', '店铺', '健康', '运营', '管控', '风险', '确保', '各项', '指标', '达标', '理科', '背景', 'excel', '数据分析', '逻辑思维', '英语', 'cet', '同等', '水平', '流畅', '阅读', '英文', '资料', '一对一', '导师', '带教', '社保', '国家', '员工', '工作餐', '免费', '工作餐', '生日', '生日会', '收到', '美美', '蛋糕', '温馨', '祝福', '娱乐活动', '娱乐', '文体', '聚餐', '年会', '活动', '参加', '传统', '佳节', '传统', '佳节', '收到', '大大的', '礼包', '加薪', '制度', '年底', '加薪', '机会', '降薪', '杭州', '总部', '地址', '浙江省', '杭州市', '城区', '丁桥', '金色', '大唐', '武汉', '分部', '地址', '湖北省', '武汉市', '洪山区', '书城', '路窝', '创意', '大厦', '地铁', '号线', '文昌', '路站', 'c', 'd', '出口', '出站', '步行', '分钟', '内可到', '大楼']",电商 数据 分析师 亚马逊 运营 地铁口 地铁口 十三 免费 工作餐 精品 模式 自主 研发 产品 多项 海外 专利 一对一 定制 职业 发展 幸福感 调研 目标 市场 分析 市场趋势 环境 多维度 评估 竞品 动态 制定 销售策略 推广 计划 数据 变化 灵活 调整 定期 分析 销售 库存 数据 优化 库存 周转率 确保安全 库存 维护 amazon 店铺 健康 运营 管控 风险 确保 各项 指标 达标 理科 背景 excel 数据分析 逻辑思维 英语 cet 同等 水平 流畅 阅读 英文 资料 一对一 导师 带教 社保 国家 员工 工作餐 免费 工作餐 生日 生日会 收到 美美 蛋糕 温馨 祝福 娱乐活动 娱乐 文体 聚餐 年会 活动 参加 传统 佳节 传统 佳节 收到 大大的 礼包 加薪 制度 年底 加薪 机会 降薪 杭州 总部 地址 浙江省 杭州市 城区 丁桥 金色 大唐 武汉 分部 地址 湖北省 武汉市 洪山区 书城 路窝 创意 大厦 地铁 号线 文昌 路站 c d 出口 出站 步行 分钟 内可到 大楼
数据分析师,非高薪岗位,量化数据分析师,量化数据分析师 岗位职责描述： 1、数据建模与量化分析。基于业务需求，负责海量数据的特征工程建设及量化建模，构建统计模型、机器学习等模型，输出深度挖掘的洞察内容，提供量化决策依据。 2、数据分析产品算法优化与迭代。对现有量化策略进行多维度验证，建立策略有效性评估体系，持续改进和创新策略，提高策略的实战适配性。 3、数据洞察可视化与专题分析。基于算法输出结果，开发专题看板、数据观点、数据主题表。 4、设计并搭建标准化、模块化的数据分析通用框架，覆盖数据接入、特征计算、模型训练、结果交付全流程，提升团队协作效率。 任职条件描述 1.专业背景： （1）数学、统计学、金融工程、计算机科学、商业分析等相关专业本科及以上学历； （2）熟悉Python/R/SQL等编程语言，具备扎实的算法基础。 2.经验能力： （1）3年及以上工作经验、1年以上量化分析或数据建模经验； （2）熟悉宏观经济、风险管理或企业评估优先； （3）逻辑清晰，具备独立解决问题及团队协作能力，能快速拆解复杂业务问题为可量化分析目标。 3.综合素质： （1）对数据敏感，善于挖掘数据价值； （2）学习能力及抗压能力强，适应快节奏工作环境。,"['量化', '数据', '分析师', '数据建模', '量化', '分析', '业务', '需求', '海量', '数据', '特征', '工程建设', '量化', '建模', '构建', '统计', '模型', '机器学习', '模型', '输出', '深度', '挖掘', '洞察', '内容', '量化', '决策依据', '数据分析', '产品', '算法', '优化', '迭代', '现有', '量化', '策略', '多维度', '验证', '建立', '策略', '有效性', '评估', '体系', '持续', '改进', '创新', '策略', '提高', '策略', '实战', '适配', '数据', '洞察', '可视化', '专题', '分析', '算法', '输出', '开发', '专题', '数据', '观点', '数据', '主题', '设计', '搭建', '标准化', '模块化', '数据分析', '通用', '框架', '覆盖', '数据', '接入', '特征', '计算', '模型', '训练', '交付', '流程', '提升', '协作', '效率', '背景', '数学', '统计学', '金融', '工程', '计算机科学', '商业', '分析', 'python', 'r', 'sql', '编程语言', '扎实', '算法', '基础', '量化', '分析', '数据建模', '宏观经济', '风险管理', '企业', '评估', '逻辑', '清晰', '独立', '解决问题', '协作', '快速', '拆解', '业务', '量化', '分析', '目标', '综合', '素质', '数据', '敏感', '善于', '挖掘', '数据', '价值', '抗压', '快节奏', '环境']",量化 数据 分析师 数据建模 量化 分析 业务 需求 海量 数据 特征 工程建设 量化 建模 构建 统计 模型 机器学习 模型 输出 深度 挖掘 洞察 内容 量化 决策依据 数据分析 产品 算法 优化 迭代 现有 量化 策略 多维度 验证 建立 策略 有效性 评估 体系 持续 改进 创新 策略 提高 策略 实战 适配 数据 洞察 可视化 专题 分析 算法 输出 开发 专题 数据 观点 数据 主题 设计 搭建 标准化 模块化 数据分析 通用 框架 覆盖 数据 接入 特征 计算 模型 训练 交付 流程 提升 协作 效率 背景 数学 统计学 金融 工程 计算机科学 商业 分析 python r sql 编程语言 扎实 算法 基础 量化 分析 数据建模 宏观经济 风险管理 企业 评估 逻辑 清晰 独立 解决问题 协作 快速 拆解 业务 量化 分析 目标 综合 素质 数据 敏感 善于 挖掘 数据 价值 抗压 快节奏 环境
数据分析师,非高薪岗位,数据分析师,"数据分析师 ""1、数据方案管理：协助业务BA、业务SA方案进行数据解析，并对接相关数据管家。 2、数据需求管理：一方面承接业务SA的数据需求，负责日常区域数据需求申请、上会评审、跟进闭环。另一方面跟进一线用户的数据需求，协同相关干系人进行需求闭环。 3、数据运营：负责运营商IOC经营数据的运营，包含上线前测试、日常版本验证等，解答用户数据类问题。 4、数据相关方案运维：负责CNB页面数据及维度的配置和日常管理。 1、较强的数据处理能力、数据分析能力，能使用EXCEL写公式处理数据；熟练使用POWER BI\TABLEAU\YBI等工具的优先； 2、有财务背景，对财务系统有基本概念优先； 3、需具备数据相关基础知识技能； "" ""统本及以上；财务或者经营数字化经营必须1、高质量完成日常事务性工作，有较强的人际连接力 2、做事细心，有主动服务意识； 3、具备较强的数据处理能力。 4、工作中日常沟通顺畅，工作积极主动，主动识别问题及风险，并给出专业意见 岗位需求1： 1、数据方案管理：协助业务BA、业务SA方案进行数据解析，并对接相关数据管家。 2、数据需求管理：一方面承接业务SA的数据需求，负责日常区域数据需求申请、上会评审、跟进闭环。另一方面跟进一线用户的数据需求，协同相关干系人进行需求闭环。 3、数据运营：负责运营商IOC经营数据的运营，包含上线前测试、日常版本验证等，解答用户数据类问题。 4、数据相关方案运维：负责CNB页面数据及维度的配置和日常管理。","['数据', '分析师', '数据', '方案', '管理', '业务', 'ba', '业务', 'sa', '方案', '数据', '解析', '对接', '数据', '管家', '数据', '需求', '管理', '承接', '业务', 'sa', '数据', '需求', '区域', '数据', '需求', '申请', '评审', '闭环', '一线', '用户', '数据', '需求', '干系', '需求', '闭环', '数据', '运营', '运营商', 'ioc', '经营', '数据', '运营', '包含', '上线', '测试', '版本', '验证', '解答', '用户', '数据', '数据', '方案', '运维', 'cnb', '页面', '数据', '维度', '配置', '管理', '数据处理', '数据分析', 'excel', '公式', '数据', 'power', 'bi', 'tableau', 'ybi', '财务', '背景', '财务', '系统', '基本概念', '数据', '基础知识', '技能', '统本', '财务', '经营', '数字化', '经营', '高质量', '事务性', '人际', '连接', '做事', '细心', '主动', '服务', '意识', '数据处理', '顺畅', '积极主动', '主动', '识别', '风险', '给出', '意见', '需求', '数据', '方案', '管理', '业务', 'ba', '业务', 'sa', '方案', '数据', '解析', '对接', '数据', '管家', '数据', '需求', '管理', '承接', '业务', 'sa', '数据', '需求', '区域', '数据', '需求', '申请', '评审', '闭环', '一线', '用户', '数据', '需求', '干系', '需求', '闭环', '数据', '运营', '运营商', 'ioc', '经营', '数据', '运营', '包含', '上线', '测试', '版本', '验证', '解答', '用户', '数据', '数据', '方案', '运维', 'cnb', '页面', '数据', '维度', '配置', '管理']",数据 分析师 数据 方案 管理 业务 ba 业务 sa 方案 数据 解析 对接 数据 管家 数据 需求 管理 承接 业务 sa 数据 需求 区域 数据 需求 申请 评审 闭环 一线 用户 数据 需求 干系 需求 闭环 数据 运营 运营商 ioc 经营 数据 运营 包含 上线 测试 版本 验证 解答 用户 数据 数据 方案 运维 cnb 页面 数据 维度 配置 管理 数据处理 数据分析 excel 公式 数据 power bi tableau ybi 财务 背景 财务 系统 基本概念 数据 基础知识 技能 统本 财务 经营 数字化 经营 高质量 事务性 人际 连接 做事 细心 主动 服务 意识 数据处理 顺畅 积极主动 主动 识别 风险 给出 意见 需求 数据 方案 管理 业务 ba 业务 sa 方案 数据 解析 对接 数据 管家 数据 需求 管理 承接 业务 sa 数据 需求 区域 数据 需求 申请 评审 闭环 一线 用户 数据 需求 干系 需求 闭环 数据 运营 运营商 ioc 经营 数据 运营 包含 上线 测试 版本 验证 解答 用户 数据 数据 方案 运维 cnb 页面 数据 维度 配置 管理
数据分析师,非高薪岗位,数据分析师（合肥）,"数据分析师（合肥） 岗位职责： 1.民航数据信息采集、数据库结构搭建； 2.运用数据挖掘/统计学习的理论和方法，深入挖掘和分析用户行为、业务数据； 3.负责并参与方案讨论、调研，负责相关分析报告的撰写； 4.跟进航空业热点，分析行业发展趋势。 岗位要求： 1.统计学、计算机等相关专业，对民航运营熟悉的优先 2.热爱旅游业/航空业，了解用户需求，懂用户体验； 3.熟悉数据清洗、分析、挖掘的经验，熟悉常用的数据挖掘方法论，有独立且高效地完成数据的提取及分析经验者优先； 4.熟练使用EXCEL、SQL、Tableau等软件优先； 5.数字敏感度高,具备较强的分析总结能力，具备良好的数据呈现能力、分析报告撰写能力; 6.具备责任心和良好的团队协作精神，乐于沟通交流和分享，充满激情，乐于接受挑战。 欢迎26届毕业生投递简历 职位福利：周末双休、五险一金、绩效奖金、带薪年假、节日福利、员工旅游、定期体检、补充医疗保险","['数据', '分析师', '合肥', '民航', '数据', '信息', '采集', '数据库', '结构', '搭建', '数据挖掘', '统计', '理论', '方法', '挖掘', '分析', '用户', '业务', '数据', '方案', '讨论', '调研', '分析报告', '撰写', '航空业', '热点', '分析', '行业', '发展趋势', '统计学', '计算机', '民航', '运营', '热爱', '旅游业', '航空业', '用户', '需求', '用户', '体验', '数据', '清洗', '分析', '挖掘', '常用', '数据挖掘', '方法论', '独立', '高效', '数据', '提取', '分析', 'excel', 'sql', 'tableau', '软件', '数字', '敏感度', '分析', '数据', '呈现', '分析报告', '撰写', '责任心', '协作', '精神', '乐于', '沟通交流', '分享', '充满', '激情', '乐于', '接受', '挑战', '毕业生', '投递', '简历', '绩效奖金', '节日', '员工', '定期', '补充', '医疗保险']",数据 分析师 合肥 民航 数据 信息 采集 数据库 结构 搭建 数据挖掘 统计 理论 方法 挖掘 分析 用户 业务 数据 方案 讨论 调研 分析报告 撰写 航空业 热点 分析 行业 发展趋势 统计学 计算机 民航 运营 热爱 旅游业 航空业 用户 需求 用户 体验 数据 清洗 分析 挖掘 常用 数据挖掘 方法论 独立 高效 数据 提取 分析 excel sql tableau 软件 数字 敏感度 分析 数据 呈现 分析报告 撰写 责任心 协作 精神 乐于 沟通交流 分享 充满 激情 乐于 接受 挑战 毕业生 投递 简历 绩效奖金 节日 员工 定期 补充 医疗保险
数据分析师,高薪岗位,数据分析师,数据分析师 部门介绍： 我们是京东科技智能资管，致力于建设全中国最大的不良资产管理平台，始终肩负用最文明的方式化解金融风险、修复资产价值、稳定社会信用体系的核心使命，致力于以科技驱动资产管理的专业化与人性化，构建更健康、可持续，有温度的金融生态。 依托数据、技术、资本、AMC牌照四大核心优势，为金融机构及资产持有方提供全周期、多模式、数字化的资产处置解决方案。通过科技与金融的深度融合，我们不仅助力金融机构化解不良资产、优化资产负债结构，更致力维护金融市场秩序，构建金融新生态，推动其文明、长期、稳健发展。目前我们已服务包含京东消费金融以及外部多家大型金融机构，处置的资产规模居于行业前列，切实实现了风险化解、资产盘活与社会效益的协同共赢。 期待不良资产商务拓展、贷后策略与模型、AI产品与技术、贷后运营等领域的优秀人才加入我们，一起构建更健康、更文明、更可持续的不良资产管理行业的未来！ 岗位职责： 1.分析及数据支持：为京东科技信控业务提供数据运营支持； 2.策略设计：根据业务需求，设计策略，推动落地，评估和分析结果，持续迭代； 3.绩效支持：绩效工资的核算发放； 4.现场值班管控：设计调解人员排班计划，包含人员出勤、现场稽核、系统异常登记、每日预警等； 5.现场人效管控：管控人员工作时长≥90%、人员产能达成比≥100%、对过程数据均有监控并对异常进行跟踪； 6.异常报告输出：能定期输出现场诊断报告，不局限在数据层面，更多聚焦在从现场管控看到可努力的机会点，给出业务建议，共建组织能力提升。 任职要求 1.本科及以上学历，三年以上工作经验； 2.对数据敏感，能从数据中发现问题、解决问题； 3.熟悉业界常用的数据分析模型，掌握实验设计与因果推断原理者优先； 4.思维清晰，逻辑性强，有强烈的好奇心，勇于创新和面对挑战，对工作充满激情，并有良好的沟通能力、自学能力和团队协作精神。 符合京东价值观：客户为先、创新、拼搏、担当、感恩、诚信。,"['数据', '分析师', '介绍', '京东', '科技', '智能', '资管', '致力于', '建设', '中国', '不良资产', '管理', '平台', '始终', '肩负', '文明', '方式', '化解', '金融风险', '修复', '资产', '价值', '稳定', '社会', '信用', '体系', '核心', '使命', '致力于', '科技', '驱动', '资产', '管理', '专业化', '人性化', '构建', '健康', '持续', '温度', '金融', '生态', '依托', '数据', '技术', '资本', 'amc', '牌照', '四大', '核心', '优势', '金融机构', '资产', '持有', '周期', '模式', '数字化', '资产', '处置', '解决方案', '科技', '金融', '深度', '融合', '助力', '金融机构', '化解', '不良资产', '优化', '资产负债', '结构', '致力', '维护', '金融市场', '秩序', '构建', '金融', '生态', '推动', '文明', '长期', '稳健', '发展', '服务', '包含', '京东', '消费', '金融', '外部', '多家', '大型', '金融机构', '处置', '资产', '规模', '居于', '行业', '前列', '切实', '风险', '化解', '资产', '盘活', '社会效益', '共赢', '期待', '不良资产', '商务', '拓展', '贷后', '策略', '模型', 'ai', '产品', '技术', '贷后', '运营', '领域', '优秀人才', '构建', '健康', '文明', '持续', '不良资产', '管理', '行业', '未来', '分析', '数据', '京东', '科技', '信控', '业务', '提供数据', '运营', '策略', '设计', '业务', '需求', '设计', '策略', '推动', '落地', '评估', '分析', '持续', '迭代', '工资', '核算', '发放', '现场', '值班', '管控', '设计', '调解', '排班', '计划', '包含', '出勤', '现场', '稽核', '系统', '异常', '登记', '每日', '预警', '现场', '人效', '管控', '管控', '90%', '产能', '达成', '100%', '过程', '数据', '监控', '异常', '跟踪', '异常', '报告', '输出', '定期', '输出', '现场', '诊断', '报告', '局限', '数据', '层面', '聚焦', '现场', '管控', '努力', '机会', '给出', '业务', '建议', '共建', '组织', '提升', '三年', '数据', '敏感', '数据', '发现', '解决问题', '业界', '常用', '数据分析', '模型', '实验设计', '因果', '推断', '原理', '思维', '清晰', '逻辑性', '好奇心', '勇于创新', '面对', '挑战', '充满', '激情', '自学能力', '协作', '精神', '符合', '京东', '价值观', '客户', '为先', '创新', '拼搏', '担当', '感恩', '诚信']",数据 分析师 介绍 京东 科技 智能 资管 致力于 建设 中国 不良资产 管理 平台 始终 肩负 文明 方式 化解 金融风险 修复 资产 价值 稳定 社会 信用 体系 核心 使命 致力于 科技 驱动 资产 管理 专业化 人性化 构建 健康 持续 温度 金融 生态 依托 数据 技术 资本 amc 牌照 四大 核心 优势 金融机构 资产 持有 周期 模式 数字化 资产 处置 解决方案 科技 金融 深度 融合 助力 金融机构 化解 不良资产 优化 资产负债 结构 致力 维护 金融市场 秩序 构建 金融 生态 推动 文明 长期 稳健 发展 服务 包含 京东 消费 金融 外部 多家 大型 金融机构 处置 资产 规模 居于 行业 前列 切实 风险 化解 资产 盘活 社会效益 共赢 期待 不良资产 商务 拓展 贷后 策略 模型 ai 产品 技术 贷后 运营 领域 优秀人才 构建 健康 文明 持续 不良资产 管理 行业 未来 分析 数据 京东 科技 信控 业务 提供数据 运营 策略 设计 业务 需求 设计 策略 推动 落地 评估 分析 持续 迭代 工资 核算 发放 现场 值班 管控 设计 调解 排班 计划 包含 出勤 现场 稽核 系统 异常 登记 每日 预警 现场 人效 管控 管控 90% 产能 达成 100% 过程 数据 监控 异常 跟踪 异常 报告 输出 定期 输出 现场 诊断 报告 局限 数据 层面 聚焦 现场 管控 努力 机会 给出 业务 建议 共建 组织 提升 三年 数据 敏感 数据 发现 解决问题 业界 常用 数据分析 模型 实验设计 因果 推断 原理 思维 清晰 逻辑性 好奇心 勇于创新 面对 挑战 充满 激情 自学能力 协作 精神 符合 京东 价值观 客户 为先 创新 拼搏 担当 感恩 诚信
数据分析师,高薪岗位,数据分析师,数据分析师 职位描述 1.支持商业化与增长业务的数据分析需求，监测核心指标并定位问题。 2.完成渠道评估、活动分析、用户留存等专项分析，输出 actionable 建议。 3.搭建和维护数据看板，支持业务决策。 任职要求 1.经验：1-3年数据分析经验，有互联网商业化或增长分析经验优先。 2.技能：熟练使用 SQL 和至少一种分析工具（Python/R）；掌握 BI 工具（如 Tableau）。 3.能力：逻辑清晰，具备良好的业务理解和沟通能力，能独立解决问题。 4.学历：本科及以上，数学、统计、计算机等相关专业优先。 简历需要具备的硬性要求 有数据分析基础、有互联网相关工作经验、理工科背景,"['数据', '分析师', '商业化', '增长', '业务', '数据分析', '需求', '监测', '核心', '指标', '定位问题', '渠道', '评估', '活动', '分析', '用户', '留存', '专项', '分析', '输出', 'actionable', '建议', '搭建', '维护', '数据', '业务', '决策', '数据分析', '互联网', '商业化', '增长', '分析', '技能', 'sql', '至少', '一种', '分析', 'python', 'r', 'bi', 'tableau', '逻辑', '清晰', '业务', '理解', '独立', '解决问题', '数学', '统计', '计算机', '简历', '硬性', '数据分析', '基础', '互联网', '理工科', '背景']",数据 分析师 商业化 增长 业务 数据分析 需求 监测 核心 指标 定位问题 渠道 评估 活动 分析 用户 留存 专项 分析 输出 actionable 建议 搭建 维护 数据 业务 决策 数据分析 互联网 商业化 增长 分析 技能 sql 至少 一种 分析 python r bi tableau 逻辑 清晰 业务 理解 独立 解决问题 数学 统计 计算机 简历 硬性 数据分析 基础 互联网 理工科 背景
数据分析师,非高薪岗位,电商数据分析师(地铁口/13薪/工作餐),电商数据分析师(地铁口/13薪/工作餐) 【地铁口│十三薪│免费工作餐│精品模式│自主研发产品│多项海外专利│一对一培训│定制职业发展│团队幸福感强】 岗位职责： 1. 深入调研目标市场，分析市场趋势与环境；多维度评估竞品动态； 2. 制定并执行销售策略与推广计划，根据数据变化灵活调整； 3. 定期分析销售与库存数据，优化库存周转率，确保安全库存； 4. 维护Amazon店铺健康运营，管控风险，确保各项指标达标。 任职要求： 1. 本科及以上学历，理科专业背景优先； 2. 熟练使用Excel，具备较强的数据分析能力和逻辑思维； 3. 英语CET-6或同等水平，能够流畅阅读英文资料； 4. 有1年以上相关工作经验；提供一对一导师带教。 我们的福利： 【社保五险】按国家规定 【员工旅游】每年1-2次旅游 【包工作餐】提供免费的工作餐 【生日福利】每年生日会收到美美的蛋糕以及大家的温馨祝福 【娱乐活动】各种娱乐、文体、聚餐、年会活动等您来参加 【传统佳节】每年的传统佳节都会收到大大的礼包 【加薪制度】每年年底有加薪机会。从不降薪！ 杭州总部地址：浙江省杭州市上城区丁桥金色大唐城3幢 武汉分部地址：湖北省武汉市洪山区书城路窝牛创意大厦（地铁8号线文昌路站C或D出口；出站步行5分钟内可到公司大楼）,"['电商', '数据', '分析师', '地铁口', '工作餐', '地铁口', '十三', '免费', '工作餐', '精品', '模式', '自主', '研发', '产品', '多项', '海外', '专利', '一对一', '定制', '职业', '发展', '幸福感', '调研', '目标', '市场', '分析', '市场趋势', '环境', '多维度', '评估', '竞品', '动态', '制定', '销售策略', '推广', '计划', '数据', '变化', '灵活', '调整', '定期', '分析', '销售', '库存', '数据', '优化', '库存', '周转率', '确保安全', '库存', '维护', 'amazon', '店铺', '健康', '运营', '管控', '风险', '确保', '各项', '指标', '达标', '理科', '背景', 'excel', '数据分析', '逻辑思维', '英语', 'cet', '同等', '水平', '流畅', '阅读', '英文', '资料', '一对一', '导师', '带教', '社保', '国家', '员工', '工作餐', '免费', '工作餐', '生日', '生日会', '收到', '美美', '蛋糕', '温馨', '祝福', '娱乐活动', '娱乐', '文体', '聚餐', '年会', '活动', '参加', '传统', '佳节', '传统', '佳节', '收到', '大大的', '礼包', '加薪', '制度', '年底', '加薪', '机会', '降薪', '杭州', '总部', '地址', '浙江省', '杭州市', '城区', '丁桥', '金色', '大唐', '武汉', '分部', '地址', '湖北省', '武汉市', '洪山区', '书城', '路窝', '创意', '大厦', '地铁', '号线', '文昌', '路站', 'c', 'd', '出口', '出站', '步行', '分钟', '内可到', '大楼']",电商 数据 分析师 地铁口 工作餐 地铁口 十三 免费 工作餐 精品 模式 自主 研发 产品 多项 海外 专利 一对一 定制 职业 发展 幸福感 调研 目标 市场 分析 市场趋势 环境 多维度 评估 竞品 动态 制定 销售策略 推广 计划 数据 变化 灵活 调整 定期 分析 销售 库存 数据 优化 库存 周转率 确保安全 库存 维护 amazon 店铺 健康 运营 管控 风险 确保 各项 指标 达标 理科 背景 excel 数据分析 逻辑思维 英语 cet 同等 水平 流畅 阅读 英文 资料 一对一 导师 带教 社保 国家 员工 工作餐 免费 工作餐 生日 生日会 收到 美美 蛋糕 温馨 祝福 娱乐活动 娱乐 文体 聚餐 年会 活动 参加 传统 佳节 传统 佳节 收到 大大的 礼包 加薪 制度 年底 加薪 机会 降薪 杭州 总部 地址 浙江省 杭州市 城区 丁桥 金色 大唐 武汉 分部 地址 湖北省 武汉市 洪山区 书城 路窝 创意 大厦 地铁 号线 文昌 路站 c d 出口 出站 步行 分钟 内可到 大楼
数据分析师,非高薪岗位,高级数据分析师（银行项目）,高级数据分析师（银行项目） 人力外包驻场，签订东华劳动合同。 任职要求： 1. 经验要求 - 本科及以上学历，学信网可查，统计学、数学、计算机、金融工程、经济学等相关专业优先。 - 5年以上银行、互联网金融或咨询公司数据分析相关工作经验，必须有独立主导过大型用户运营分析或营销模型项目的成功案例。 - 有手机银行APP运营分析或零售银行数字化营销项目经验者优先。 2. 技能要求 - 数据处理与编程：精通 SQL（复杂查询优化），熟练掌握 Python 或 R 进行数据清洗、统计分析及建模。 - 算法模型：深刻理解并实际应用过 RFM模型、聚类分析等算法解决过实际业务问题。 - 文档能力：能够独立产出高质量线上运营报告 3. 其它要求 - 能主动发现业务痛点并提出分析课题，而非被动接收需求 - 具备优秀的沟通能力，能阐述复杂的分析逻辑和分析结论。 岗位职责： 1. 数据监控与需求挖掘：产出手机银行日常运营报告，建立核心业务漏斗，定期自动监测各环节转化率。分析用户在页面上的停留时长、跳出率及报错日志，识别“体验断点”。结合客群画像，分析不同层级客户的行为差异，寻找未被满足的共性需求。 2. 手机运营报告及业务表现深度归因分析：为业务运营策略提供量化依据，辅助营销决策；数据拆解，效果跟踪量化，归因分析。 3. 上线后需求评价，验证上线功能是否达到预期业务目标。,"['高级', '数据', '分析师', '银行', '项目', '人力', '外包', '驻场', '签订', '东华', '劳动合同', '学信', '网可查', '统计学', '数学', '计算机', '金融', '工程', '经济学', '银行', '互联网', '金融', '咨询', '数据分析', '独立', '主导', '大型', '用户', '运营', '分析', '营销', '模型', '项目', '成功', '案例', '手机', '银行', 'app', '运营', '分析', '零售', '银行', '数字化', '营销', '项目', '技能', '数据处理', '编程', '精通', 'sql', '查询', '优化', 'python', 'r', '数据', '清洗', '统计分析', '建模', '算法', '模型', '深刻理解', 'rfm', '模型', '聚类分析', '算法', '解决', '业务', '文档', '独立', '产出', '高质量', '线上', '运营', '报告', '主动', '发现', '业务', '痛点', '提出', '分析', '课题', '被动', '接收', '需求', '阐述', '分析', '逻辑', '分析', '结论', '数据', '监控', '需求', '挖掘', '产出', '手机', '银行', '运营', '报告', '建立', '核心', '业务', '漏斗', '定期', '自动', '监测', '环节', '转化率', '分析', '用户', '页面', '停留', '跳出', '率及', '报错', '日志', '识别', '体验', '断点', '客群', '画像', '分析', '层级', '客户', '差异', '寻找', '共性', '需求', '手机', '运营', '报告', '业务', '表现', '深度', '归因', '分析', '业务', '运营', '策略', '量化', '辅助', '营销', '决策', '数据', '拆解', '效果', '跟踪', '量化', '归因', '分析', '上线', '需求', '评价', '验证', '上线', '功能', '预期', '业务', '目标']",高级 数据 分析师 银行 项目 人力 外包 驻场 签订 东华 劳动合同 学信 网可查 统计学 数学 计算机 金融 工程 经济学 银行 互联网 金融 咨询 数据分析 独立 主导 大型 用户 运营 分析 营销 模型 项目 成功 案例 手机 银行 app 运营 分析 零售 银行 数字化 营销 项目 技能 数据处理 编程 精通 sql 查询 优化 python r 数据 清洗 统计分析 建模 算法 模型 深刻理解 rfm 模型 聚类分析 算法 解决 业务 文档 独立 产出 高质量 线上 运营 报告 主动 发现 业务 痛点 提出 分析 课题 被动 接收 需求 阐述 分析 逻辑 分析 结论 数据 监控 需求 挖掘 产出 手机 银行 运营 报告 建立 核心 业务 漏斗 定期 自动 监测 环节 转化率 分析 用户 页面 停留 跳出 率及 报错 日志 识别 体验 断点 客群 画像 分析 层级 客户 差异 寻找 共性 需求 手机 运营 报告 业务 表现 深度 归因 分析 业务 运营 策略 量化 辅助 营销 决策 数据 拆解 效果 跟踪 量化 归因 分析 上线 需求 评价 验证 上线 功能 预期 业务 目标
数据分析师,非高薪岗位,（外包030304）数据分析师（保险方向）,（外包030304）数据分析师（保险方向） 职位描述 1、承接业务数据分析需求，产出专项分析报告，洞察做功机会； 2、负责业务指标体系构建、数据监控看板搭建和活动人群圈选； 3、通过数据挖掘分析，协同产研制定保险产品定价、风控策略。 任职要求 1、硕士研究生及以上学历，具备1～3年数据分析经验； 2、熟练使用SQL、Office等常用办公软件，熟悉Python优先； 3、有统计学基础，统计学、数学、金融等相关专业优先； 4、有较强的学习能力、良好的团队合作意识、较强的沟通能力； 5、有互联网电商、金融、支付从业经验者优先； 6、有保险产品定价、风控经验者优先。 1～3年数据分析经验、熟练使用SQL、211/985/海外名校学历背景,"['外包', '数据', '分析师', '承接', '业务', '数据分析', '需求', '产出', '专项', '分析报告', '洞察', '做功', '机会', '业务', '指标体系', '构建', '数据', '监控', '搭建', '活动', '人群', '圈选', '数据挖掘', '分析', '研制', '保险产品', '定价', '风控', '策略', '研究生', '数据分析', 'sql', 'office', '常用', '软件', 'python', '统计学', '基础', '统计学', '数学', '金融', '合作', '意识', '互联网', '电商', '金融', '支付', '从业', '保险产品', '定价', '风控', '数据分析', 'sql', '海外', '名校', '背景']",外包 数据 分析师 承接 业务 数据分析 需求 产出 专项 分析报告 洞察 做功 机会 业务 指标体系 构建 数据 监控 搭建 活动 人群 圈选 数据挖掘 分析 研制 保险产品 定价 风控 策略 研究生 数据分析 sql office 常用 软件 python 统计学 基础 统计学 数学 金融 合作 意识 互联网 电商 金融 支付 从业 保险产品 定价 风控 数据分析 sql 海外 名校 背景
数据分析师,高薪岗位,高级数据分析师(A193687),高级数据分析师(A193687) 职位描述： 具备数据战略规划能力，可制定贴合公司业务的数据战略，明确短中长期目标，开展数据价值评估，识别关键数据资产并制定资产化路径，统筹数据采集、处理、分析、应用全生命周期管理。同时擅长团队建设，能按需搭建数据开发、分析、产品等岗位架构，推进人才培养与梯队建设，建立规范工作流程、协作机制与绩效体系，提升团队整体效能。1.从各种来源收集数据，包括数据库、第三方数据提供商、网络爬虫等。清洗数据，确保数据的准确性和可靠性;2.在数据清洗的基础上，运用统计学、机器学习等方法对数据进行分析;3.将分析结果以报告的形式呈现出来，报告应包括数据可视化、结论提炼和建议提出;4.熟练掌握各种数据分析工具和技术，如SQL、Python、R等；5.数据分析领域的技术和方法不断更新，保持持续学习的态度，不断提升自己的专业技能。同时关注行业动态和最新研究成果，以便将最新的技术和方法应用到实际工作中。 职位要求： 1.计算机科学、数据科学、统计学、信息管理相关专业，统招硕士及以上学历，工程师及以上技术职称优先；2.熟练掌握数据分析方法和工具，如Python、R、SQL等；熟悉MySQL、PostgreSQL、MongoDB等数据库系统的使用和管理；熟悉数据清洗、数据转换、数据集成等数据处理流程；3.有7年以上数据分析和数据管理相关项目的经验，具备扎实的统计学基础和熟练的编程技能，能够独立完成数据分析任务；4.出色的沟通技能，优秀的报告撰写和组织策划能力；5.具有团队合作精神和较好的多文化沟通交流能力。,"['高级', '数据', '分析师', 'a193687', '数据', '战略规划', '制定', '贴合', '业务', '数据', '战略', '中长期', '目标', '数据', '价值', '评估', '识别', '关键', '数据', '资产', '制定', '资产', '路径', '统筹', '数据', '采集', '分析', '生命周期', '管理', '擅长', '建设', '搭建', '数据', '开发', '分析', '产品', '架构', '人才培养', '梯队', '建设', '建立', '规范', '流程', '协作', '机制', '体系', '提升', '整体', '效能', '来源', '收集', '数据', '数据库', '第三方', '数据', '提供商', '网络', '爬虫', '清洗', '数据', '确保', '数据', '准确性', '可靠性', '数据', '清洗', '基础', '统计学', '机器学习', '方法', '数据', '分析', '分析', '报告', '形式', '呈现', '报告', '数据可视化', '结论', '提炼', '建议', '提出', '数据分析', '技术', 'sql', 'python', 'r', '数据分析', '领域', '技术', '方法', '不断更新', '持续', '态度', '提升', '专业技能', '关注', '行业动态', '最新', '研究成果', '最新', '技术', '方法', '计算机科学', '数据', '科学', '统计学', '信息管理', '统招', '工程师', '技术职称', '数据分析', '方法', 'python', 'r', 'sql', 'mysql', 'postgresql', 'mongodb', '数据库系统', '管理', '数据', '清洗', '数据', '转换', '数据', '集成', '数据处理', '流程', '数据分析', '数据管理', '项目', '扎实', '统计学', '基础', '编程', '技能', '独立', '数据分析', '出色', '技能', '报告', '撰写', '组织', '策划', '合作', '精神', '文化', '沟通交流']",高级 数据 分析师 a193687 数据 战略规划 制定 贴合 业务 数据 战略 中长期 目标 数据 价值 评估 识别 关键 数据 资产 制定 资产 路径 统筹 数据 采集 分析 生命周期 管理 擅长 建设 搭建 数据 开发 分析 产品 架构 人才培养 梯队 建设 建立 规范 流程 协作 机制 体系 提升 整体 效能 来源 收集 数据 数据库 第三方 数据 提供商 网络 爬虫 清洗 数据 确保 数据 准确性 可靠性 数据 清洗 基础 统计学 机器学习 方法 数据 分析 分析 报告 形式 呈现 报告 数据可视化 结论 提炼 建议 提出 数据分析 技术 sql python r 数据分析 领域 技术 方法 不断更新 持续 态度 提升 专业技能 关注 行业动态 最新 研究成果 最新 技术 方法 计算机科学 数据 科学 统计学 信息管理 统招 工程师 技术职称 数据分析 方法 python r sql mysql postgresql mongodb 数据库系统 管理 数据 清洗 数据 转换 数据 集成 数据处理 流程 数据分析 数据管理 项目 扎实 统计学 基础 编程 技能 独立 数据分析 出色 技能 报告 撰写 组织 策划 合作 精神 文化 沟通交流
数据分析师,非高薪岗位,数据分析师,数据分析师 岗位职责 1.负责中心信息化提升工作; 2.负责中心网络安全管理工作; 3.协助推进中心大集中ERP建设工作; 4.处理桌面运维工作: 5.遵守公司各项规章制度; 主要工作内容 1.使用 RPA、Pvthon 等工具开发自动化应用程序并维护版本更新，提升中心办公质效; 2.下达网络安全管理通知、组织网络安全检查及问题整改、完成公司要求的 网络安全管理专项工作; 3.跟进大集中ERP上线进度，收集问题并协调推进，确保顺利实施上线; 4.负责牵头组织安装公司要求的软件，并按公司要求统计、上报相关数据: 5.领导安排的其他工作。 任职要求： 1、大学本科及以上学历； 2、具有中级会计职称或中级经济师职称； 3、有一定的公文写作能力； 4、英语4级以上或同等英语水平； 5、熟练使用办公软件，熟悉计算机操作； 6、能承担工作压力，有责任心，有一定的协调、沟通能力； 职位福利：五险一金、带薪年假、定期体检、补充医疗保险、周末双休、员工旅游、14薪,"['数据', '分析师', '中心', '信息化', '提升', '中心', '网络安全', '管理工作', '中心', 'erp', '建设', '桌面', '运维', '遵守', '各项', '规章制度', '内容', 'rpa', 'pvthon', '开发', '自动化', '应用程序', '维护', '版本', '更新', '提升', '中心', '质效', '下达', '网络安全', '管理', '通知', '组织', '网络安全', '检查', '整改', '网络安全', '管理', '专项', 'erp', '上线', '进度', '收集', '协调', '确保', '顺利', '实施', '上线', '牵头', '组织', '安装公司', '软件', '统计', '上报', '数据', '领导', '安排', '大学本科', '中级', '会计职称', '中级', '经济师', '职称', '公文', '写作能力', '英语', '同等', '英语水平', '软件', '计算机操作', '承担', '压力', '责任心', '协调', '定期', '补充', '医疗保险', '员工']",数据 分析师 中心 信息化 提升 中心 网络安全 管理工作 中心 erp 建设 桌面 运维 遵守 各项 规章制度 内容 rpa pvthon 开发 自动化 应用程序 维护 版本 更新 提升 中心 质效 下达 网络安全 管理 通知 组织 网络安全 检查 整改 网络安全 管理 专项 erp 上线 进度 收集 协调 确保 顺利 实施 上线 牵头 组织 安装公司 软件 统计 上报 数据 领导 安排 大学本科 中级 会计职称 中级 经济师 职称 公文 写作能力 英语 同等 英语水平 软件 计算机操作 承担 压力 责任心 协调 定期 补充 医疗保险 员工
数据分析师,高薪岗位,数据分析师,数据分析师 岗位职责： 1.数据采集与清洗：获取行业相关数据，处理海量数据的采集、清洗与存储。 2.大数据处理：使用大数据技术（如Hadoop、Spark等）进行数据的分析与建模，构建数据仓库，优化数据流转。 3.ETL开发与维护：设计和优化ETL流程，确保数据从源头到分析的完整性和准确性。 4.数据分析与挖掘：基于业务需求，运用机器学习/深度学习算法，进行数据建模、预测和挖掘，输出数据驱动的业务决策建议。 5.数据可视化：设计数据可视化报表，提供清晰的决策支持。 6.主数据治理：治理主数据，维护主数据的生命周期。 任职要求： 1.统招本科及以上； 2.具备水利信息化行业经验优先； 3.计算机类、电子信息类等相关专业； 4.5年以上大数据分析、数据治理相关经验； 5.掌握Hadoop、Spark等大数据处理技术，具备海量数据处理经验; 6.熟悉ETL流程，掌握SQL、数据仓库设计，有ETL项目开发经验; 7.精通Python、SQL，具备良好的代码规范和编程习惯;,"['数据', '分析师', '数据', '采集', '清洗', '获取', '行业', '数据', '海量', '数据', '采集', '清洗', '存储', '数据处理', '数据', '技术', 'hadoop', 'spark', '数据', '分析', '建模', '构建', '数据仓库', '优化', '数据', '流转', 'etl', '开发', '维护', '设计', '优化', 'etl', '流程', '确保', '数据', '源头', '分析', '完整性', '准确性', '数据分析', '挖掘', '业务', '需求', '机器学习', '深度', '算法', '数据建模', '预测', '挖掘', '输出', '数据', '驱动', '业务', '决策', '建议', '数据可视化', '设计', '数据可视化', '报表', '清晰', '决策', '数据', '治理', '治理', '数据', '维护', '数据', '生命周期', '统招', '水利', '信息化', '行业', '计算机', '电子信息', '数据分析', '数据', '治理', 'hadoop', 'spark', '数据处理', '技术', '海量', '数据处理', 'etl', '流程', 'sql', '数据仓库', '设计', 'etl', '项目', '开发', '精通', 'python', 'sql', '代码', '规范', '编程', '习惯']",数据 分析师 数据 采集 清洗 获取 行业 数据 海量 数据 采集 清洗 存储 数据处理 数据 技术 hadoop spark 数据 分析 建模 构建 数据仓库 优化 数据 流转 etl 开发 维护 设计 优化 etl 流程 确保 数据 源头 分析 完整性 准确性 数据分析 挖掘 业务 需求 机器学习 深度 算法 数据建模 预测 挖掘 输出 数据 驱动 业务 决策 建议 数据可视化 设计 数据可视化 报表 清晰 决策 数据 治理 治理 数据 维护 数据 生命周期 统招 水利 信息化 行业 计算机 电子信息 数据分析 数据 治理 hadoop spark 数据处理 技术 海量 数据处理 etl 流程 sql 数据仓库 设计 etl 项目 开发 精通 python sql 代码 规范 编程 习惯
数据分析师,非高薪岗位,数据分析师（保险方向）,数据分析师（保险方向） 职位描述 1、承接业务数据分析需求，产出专项分析报告，洞察做功机会； 2、负责业务指标体系构建、数据监控看板搭建和活动人群圈选； 3、通过数据挖掘分析，协同产研制定保险产品定价、风控策略。 任职要求 1、硕士研究生及以上学历，具备1～3年数据分析经验； 2、熟练使用SQL、Office等常用办公软件，熟悉Python优先； 3、有统计学基础，统计学、数学、金融等相关专业优先； 4、有较强的学习能力、良好的团队合作意识、较强的沟通能力； 5、有互联网电商、金融、支付从业经验者优先； 6、有保险产品定价、风控经验者优先。 简历需要具备的硬性要求 1～3年数据分析经验、熟练使用SQL、211/985/海外名校学历背景,"['数据', '分析师', '承接', '业务', '数据分析', '需求', '产出', '专项', '分析报告', '洞察', '做功', '机会', '业务', '指标体系', '构建', '数据', '监控', '搭建', '活动', '人群', '圈选', '数据挖掘', '分析', '研制', '保险产品', '定价', '风控', '策略', '研究生', '数据分析', 'sql', 'office', '常用', '软件', 'python', '统计学', '基础', '统计学', '数学', '金融', '合作', '意识', '互联网', '电商', '金融', '支付', '从业', '保险产品', '定价', '风控', '简历', '硬性', '数据分析', 'sql', '海外', '名校', '背景']",数据 分析师 承接 业务 数据分析 需求 产出 专项 分析报告 洞察 做功 机会 业务 指标体系 构建 数据 监控 搭建 活动 人群 圈选 数据挖掘 分析 研制 保险产品 定价 风控 策略 研究生 数据分析 sql office 常用 软件 python 统计学 基础 统计学 数学 金融 合作 意识 互联网 电商 金融 支付 从业 保险产品 定价 风控 简历 硬性 数据分析 sql 海外 名校 背景
数据分析师,非高薪岗位,国际新闻传播项目数据分析师,国际新闻传播项目数据分析师 岗位职责： 1.参与建立并优化国际传播效果评估的数据管理流程，负责海外社交媒体平台传播数据的处理与分析，具备多语种数据处理经验者优先。 2.定期开展国际新闻传播效果分析，完成内容包括传播趋势、用户反馈、舆情演化等方面的研究报告，为领导策略提供支持。 3.具备跨平台数据整合与分析能力，能够结合流量特点与内容生态，输出可落地的业务建议。能够开发并维护数据可视化看板。 4.关注AI与大模型在新闻业务中的应用，能够结合实际场景，提升工作效率。 5.准确落实完成领导交办的其他各项工作。 岗位要求: 1.拥护和遵守中华人民共和国宪法和法律，拥护中国共产党领导和社会主义制度。 2.具有大学本科及以上学历和相应学位，数学、计算机、数据科学、人工智能等相关专业优先。 3.英语六级及以上，能够将英语作为工作语言。 4.具备3年以上数据分析相关经验，有互联网、内容平台或国际传播领域经验者优先。 5.熟练掌握SQL及至少一种数据分析工具（如Python、R），能够运用统计方法支持业务决策。 6.对AI工具有基本了解，具备在新闻业务中应用Prompt工程等实践经验者优先，注重实际场景中的工具落地。 7.思维活跃、视野开阔，沟通能力、责任心、执行力强，能够沉着、冷静应对压力和紧急任务，并具有协调沟通能力和团队合作精神。,"['国际', '新闻', '传播', '项目', '数据', '分析师', '建立', '优化', '国际', '传播', '效果', '评估', '数据管理', '流程', '海外', '社交', '媒体', '平台', '传播', '数据', '分析', '多语种', '数据处理', '定期', '国际', '新闻', '传播', '效果', '分析', '内容', '传播', '趋势', '用户', '反馈', '舆情', '演化', '研究', '报告', '领导', '策略', '跨平台', '数据', '整合', '分析', '流量', '内容', '生态', '输出', '落地', '业务', '建议', '开发', '维护', '数据可视化', '关注', 'ai', '模型', '新闻', '业务', '结合实际', '场景', '提升', '工作效率', '准确', '落实', '领导', '交办', '各项', '拥护', '遵守', '中华人民共和国宪法', '法律', '拥护', '中国共产党', '领导', '制度', '大学本科', '学位', '数学', '计算机', '数据', '科学', '人工智能', '英语六级', '英语', '语言', '数据分析', '互联网', '内容', '平台', '国际', '传播', '领域', 'sql', '至少', '一种', '数据分析', 'python', 'r', '统计', '方法', '业务', '决策', 'ai', '新闻', '业务', 'prompt', '工程', '实践经验', '注重', '场景', '落地', '思维', '活跃', '视野', '开阔', '责任心', '执行力', '沉着', '冷静', '应对', '压力', '紧急任务', '协调', '合作', '精神']",国际 新闻 传播 项目 数据 分析师 建立 优化 国际 传播 效果 评估 数据管理 流程 海外 社交 媒体 平台 传播 数据 分析 多语种 数据处理 定期 国际 新闻 传播 效果 分析 内容 传播 趋势 用户 反馈 舆情 演化 研究 报告 领导 策略 跨平台 数据 整合 分析 流量 内容 生态 输出 落地 业务 建议 开发 维护 数据可视化 关注 ai 模型 新闻 业务 结合实际 场景 提升 工作效率 准确 落实 领导 交办 各项 拥护 遵守 中华人民共和国宪法 法律 拥护 中国共产党 领导 制度 大学本科 学位 数学 计算机 数据 科学 人工智能 英语六级 英语 语言 数据分析 互联网 内容 平台 国际 传播 领域 sql 至少 一种 数据分析 python r 统计 方法 业务 决策 ai 新闻 业务 prompt 工程 实践经验 注重 场景 落地 思维 活跃 视野 开阔 责任心 执行力 沉着 冷静 应对 压力 紧急任务 协调 合作 精神
数据分析师,非高薪岗位,数据分析师,数据分析师 1、数据统计:统计销售和库存数据，每日更新数据表。 2、数据分析:监控并分析销售数据，审核销售预测，和运营沟通，减少断货和几余 3、补发补单:根据销售预测和库存数据，为国外各个平台发货补货。结合国内外库存情况进行国内生产补单工作。 4、货物监管:跟进订单生产进度，保证订单交期内发货，监管国内&国外库存情况。 任职要求 1、4年以上数据分析经验，逻辑思维强，严谨认真，吃苦耐劳，稳定。 2、有团队合作精神，善于交流和分享，抗压能力强。 3、熟悉 OFFICE，数据分析等办公软件。数学&计算机&统计学等理工科专业优先。 职位福利：五险一金、绩效奖金、带薪年假、节日福利、员工旅游、定期体检、包住,"['数据', '分析师', '数据', '统计', '统计', '销售', '库存', '数据', '每日', '更新', '数据表', '数据分析', '监控', '分析', '销售', '数据', '审核', '销售', '预测', '运营', '减少', '断货', '几余', '补发', '补单', '销售', '预测', '库存', '数据', '国外', '平台', '发货', '补货', '国内外', '库存', '情况', '国内', '生产', '补单', '货物', '监管', '订单', '生产', '进度', '保证', '订单', '期内', '发货', '监管', '国内', '国外', '库存', '情况', '数据分析', '逻辑思维', '严谨', '吃苦耐劳', '稳定', '合作', '精神', '善于', '交流', '分享', '抗压', 'office', '数据分析', '软件', '数学', '计算机', '统计学', '理工科', '绩效奖金', '节日', '员工', '定期', '包住']",数据 分析师 数据 统计 统计 销售 库存 数据 每日 更新 数据表 数据分析 监控 分析 销售 数据 审核 销售 预测 运营 减少 断货 几余 补发 补单 销售 预测 库存 数据 国外 平台 发货 补货 国内外 库存 情况 国内 生产 补单 货物 监管 订单 生产 进度 保证 订单 期内 发货 监管 国内 国外 库存 情况 数据分析 逻辑思维 严谨 吃苦耐劳 稳定 合作 精神 善于 交流 分享 抗压 office 数据分析 软件 数学 计算机 统计学 理工科 绩效奖金 节日 员工 定期 包住
数据分析师,非高薪岗位,数据分析师,数据分析师 职位描述 1.支持商业化与增长业务的数据分析需求，监测核心指标并定位问题。 2.完成渠道评估、活动分析、用户留存等专项分析，输出 actionable 建议。 3.搭建和维护数据看板，支持业务决策。 任职要求 1.经验：1-3年数据分析经验，有互联网商业化或增长分析经验优先。 2.技能：熟练使用 SQL 和至少一种分析工具（Python/R）；掌握 BI 工具（如 Tableau）。 3.能力：逻辑清晰，具备良好的业务理解和沟通能力，能独立解决问题。 4.学历：本科及以上，数学、统计、计算机等相关专业优先。,"['数据', '分析师', '商业化', '增长', '业务', '数据分析', '需求', '监测', '核心', '指标', '定位问题', '渠道', '评估', '活动', '分析', '用户', '留存', '专项', '分析', '输出', 'actionable', '建议', '搭建', '维护', '数据', '业务', '决策', '数据分析', '互联网', '商业化', '增长', '分析', '技能', 'sql', '至少', '一种', '分析', 'python', 'r', 'bi', 'tableau', '逻辑', '清晰', '业务', '理解', '独立', '解决问题', '数学', '统计', '计算机']",数据 分析师 商业化 增长 业务 数据分析 需求 监测 核心 指标 定位问题 渠道 评估 活动 分析 用户 留存 专项 分析 输出 actionable 建议 搭建 维护 数据 业务 决策 数据分析 互联网 商业化 增长 分析 技能 sql 至少 一种 分析 python r bi tableau 逻辑 清晰 业务 理解 独立 解决问题 数学 统计 计算机
数据分析师,非高薪岗位,数据分析师,数据分析师 招聘岗位职责： 1. 基于历史销售数据搭建集团需求预测模型； 2. 结合设备效率、人员配置等搭建产能测算模型； 3. 从全集团计划数据（如库存、交付率、成本数据）中挖掘问题（如某类或某个物料库存积压，预测过高），输出洞察报告（如建议调整该物料预测参数，减少积压）。 岗位要求（教育、经验、技能等）： 1. 学历/专业：本科及以上，统筹学、数学等相关专业。 2. 工作经验：3年及以上相关岗位工作经验。 3. 知识：熟悉生产计划、物料计划管理知识，熟悉精益生产、库存控制、MRP等相关方面的知识。 4. 技能： 1) 会用 Tableau或Power BI 等相关专业软件制作集团计划数据仪表盘（如实时展示各工厂产能利用率、订单交付率），让管理层快速获取关键信息；从集团数据库提取数据，支撑分析需求。 2) 能理解集团计划业务逻辑（如S&OP 流程、跨工厂协同规则），确保数据分析方向匹配业务需求（如计划经理需要 “跨工厂调拨效率分析”，能精准定位分析维度）。,"['数据', '分析师', '招聘', '历史', '销售', '数据', '搭建', '集团', '需求预测', '模型', '设备', '效率', '配置', '搭建', '产能', '测算', '模型', '从全', '集团', '计划', '数据', '库存', '交付', '成本', '数据', '挖掘', '某类', '物料', '库存', '积压', '预测', '过高', '输出', '洞察', '报告', '建议', '调整', '物料', '预测', '参数', '减少', '积压', '教育', '技能', '统筹学', '数学', '知识', '生产', '计划', '物料', '计划', '管理', '知识', '精益', '生产', '库存', '控制', 'mrp', '知识', '技能', 'tableau', 'powerbi', '软件', '制作', '集团', '计划', '数据', '仪表盘', '如实', '展示', '工厂', '产能', '利用率', '订单', '交付', '管理层', '快速', '获取', '关键', '信息', '集团', '数据库', '提取', '数据', '支撑', '分析', '需求', '理解', '集团', '计划', '业务', '逻辑', 's', 'op', '流程', '工厂', '规则', '确保', '数据分析', '匹配', '业务', '需求', '计划', '经理', '工厂', '调拨', '效率', '分析', '精准', '定位', '分析', '维度']",数据 分析师 招聘 历史 销售 数据 搭建 集团 需求预测 模型 设备 效率 配置 搭建 产能 测算 模型 从全 集团 计划 数据 库存 交付 成本 数据 挖掘 某类 物料 库存 积压 预测 过高 输出 洞察 报告 建议 调整 物料 预测 参数 减少 积压 教育 技能 统筹学 数学 知识 生产 计划 物料 计划 管理 知识 精益 生产 库存 控制 mrp 知识 技能 tableau powerbi 软件 制作 集团 计划 数据 仪表盘 如实 展示 工厂 产能 利用率 订单 交付 管理层 快速 获取 关键 信息 集团 数据库 提取 数据 支撑 分析 需求 理解 集团 计划 业务 逻辑 s op 流程 工厂 规则 确保 数据分析 匹配 业务 需求 计划 经理 工厂 调拨 效率 分析 精准 定位 分析 维度
数据分析师,非高薪岗位,大厂直管-数据分析师（早九晚六周末双休有餐补）,大厂直管-数据分析师（早九晚六周末双休有餐补） 1. 岗位职责： 1. 负责推荐领域的数据分析，通过科学的指标体系定义和探索性数据分析，准确描述业务现状，快速发现和定位各方向的问题与机会； 2. 通过主动的数据探索和挖掘来发现改进业务的机会，并转化为项目落地； 3. 设计并实施A/B实验，评估策略变更业务结果的影响，支持因果推断与归因分析 4. 将复杂问题进行拆解、定义，能根据业务需求完成较为深入的专项数据分析与洞察 2. 岗位要求： 1. 具有3年以上数据分析、数据挖掘相关工作经验，统计学、计算机、经济学等数据科学、计算机、数据挖掘相关专业本科以上学历； 2. 具备扎实的统计学、机器学习、因果推断等数据科学理论基础及应用经验； 3. 对数据价值探索充满热情，对数据敏感，善于从数据中发现问题，能够在不确定性的问题中构建框架，将数据转化为有效的信息定量洞察； 4. 熟悉A/B Testing实验理论和流程； 5. 具有良好的沟通表达能力和团队合作精神，有一定的组织协调能力，学习能力强有责任心，不断挑战自己,"['大厂', '直管', '数据', '分析师', '早九晚', '有餐', '推荐', '领域', '数据分析', '科学', '指标体系', '定义', '探索性', '数据分析', '准确', '业务', '现状', '快速', '发现', '定位', '机会', '主动', '数据', '探索', '挖掘', '发现', '改进', '业务', '机会', '转化', '项目', '落地', '设计', '实施', 'a', 'b', '实验', '评估', '策略', '变更', '业务', '影响', '因果', '推断', '归因', '分析', '拆解', '定义', '业务', '需求', '专项', '数据分析', '洞察', '数据分析', '数据挖掘', '统计学', '计算机', '经济学', '数据', '科学', '计算机', '数据挖掘', '扎实', '统计学', '机器学习', '因果', '推断', '数据', '科学', '理论', '基础', '数据', '价值', '探索', '充满热情', '数据', '敏感', '善于', '数据', '发现', '不确定性', '构建', '框架', '数据', '转化', '信息', '定量', '洞察', 'a', 'b', 'testing', '实验', '理论', '流程', '表达能力', '合作', '精神', '组织协调', '强有', '责任心', '挑战']",大厂 直管 数据 分析师 早九晚 有餐 推荐 领域 数据分析 科学 指标体系 定义 探索性 数据分析 准确 业务 现状 快速 发现 定位 机会 主动 数据 探索 挖掘 发现 改进 业务 机会 转化 项目 落地 设计 实施 a b 实验 评估 策略 变更 业务 影响 因果 推断 归因 分析 拆解 定义 业务 需求 专项 数据分析 洞察 数据分析 数据挖掘 统计学 计算机 经济学 数据 科学 计算机 数据挖掘 扎实 统计学 机器学习 因果 推断 数据 科学 理论 基础 数据 价值 探索 充满热情 数据 敏感 善于 数据 发现 不确定性 构建 框架 数据 转化 信息 定量 洞察 a b testing 实验 理论 流程 表达能力 合作 精神 组织协调 强有 责任心 挑战
数据分析师,非高薪岗位,数据分析师（保险方向）,数据分析师（保险方向） 职位描述 1、承接业务数据分析需求，产出专项分析报告，洞察做功机会； 2、负责业务指标体系构建、数据监控看板搭建和活动人群圈选； 3、通过数据挖掘分析，协同产研制定保险产品定价、风控策略。 任职要求 1、硕士研究生及以上学历，具备1～3年数据分析经验； 2、熟练使用SQL、Office等常用办公软件，熟悉Python优先； 3、有统计学基础，统计学、数学、金融等相关专业优先； 4、有较强的学习能力、良好的团队合作意识、较强的沟通能力； 5、有互联网电商、金融、支付从业经验者优先； 6、有保险产品定价、风控经验者优先。,"['数据', '分析师', '承接', '业务', '数据分析', '需求', '产出', '专项', '分析报告', '洞察', '做功', '机会', '业务', '指标体系', '构建', '数据', '监控', '搭建', '活动', '人群', '圈选', '数据挖掘', '分析', '研制', '保险产品', '定价', '风控', '策略', '研究生', '数据分析', 'sql', 'office', '常用', '软件', 'python', '统计学', '基础', '统计学', '数学', '金融', '合作', '意识', '互联网', '电商', '金融', '支付', '从业', '保险产品', '定价', '风控']",数据 分析师 承接 业务 数据分析 需求 产出 专项 分析报告 洞察 做功 机会 业务 指标体系 构建 数据 监控 搭建 活动 人群 圈选 数据挖掘 分析 研制 保险产品 定价 风控 策略 研究生 数据分析 sql office 常用 软件 python 统计学 基础 统计学 数学 金融 合作 意识 互联网 电商 金融 支付 从业 保险产品 定价 风控
数据分析师,非高薪岗位,资深数据分析师,资深数据分析师 工作职责 1. 负责全渠道销售数据的端到端管理，从采集、清洗到多维度分析，保障数据质量与业务决策的准确性。 2. 建立销售业绩、库存健康度、渠道动销效率等核心指标的监控体系，输出可落地的数据洞察与风险预警。 3. 结合白酒消费趋势、区域市场特征及消费者行为数据，为销售策略优化提供量化依据，提升整体经营效率。 4. 搭建可视化BI看板（Power BI/Tableau优先），定期输出销售分析报告，支撑管理层决策。 5. 联动市场、运营团队，量化评估促销活动的ROI，提出针对性的优化建议并推动落地。 任职要求 1. 本科及以上学历，统计学、数学、计算机或市场营销相关专业背景。 2. 熟练掌握Excel高级功能（数据透视表、VLOOKUP等），能独立使用SQL进行数据提取，具备Python/R/SPSS等分析工具的应用能力。 3. 熟悉Power BI/Tableau等BI工具，有白酒或快消品行业数据分析经验者优先。 4. 拥有3-5年数据分析实战经验，能快速理解酒类销售业务逻辑，将数据转化为业务行动方案。 5. 逻辑思维清晰，对数据敏感，具备良好的跨部门沟通能力与问题解决能力。,"['资深', '数据', '分析师', '职责', '渠道', '销售', '数据', '管理', '采集', '清洗', '多维度', '分析', '保障', '数据', '质量', '业务', '决策', '准确性', '建立', '销售', '业绩', '库存', '健康', '渠道', '动销', '效率', '核心', '指标', '监控', '体系', '输出', '落地', '数据', '洞察', '风险', '预警', '白酒', '消费', '趋势', '区域', '市场', '特征', '消费者', '数据', '销售策略', '优化', '量化', '提升', '整体', '经营', '效率', '搭建', '可视化', 'bi', '看板', 'powerbi', 'tableau', '定期', '输出', '销售', '分析报告', '支撑', '管理层', '决策', '联动', '市场', '运营', '量化', '评估', '促销', '活动', 'roi', '提出', '针对性', '优化', '建议', '推动', '落地', '统计学', '数学', '计算机', '市场营销', '背景', 'excel', '高级', '功能', '数据', '透视', 'vlookup', '独立', 'sql', '数据', '提取', 'python', 'r', 'spss', '分析', 'powerbi', 'tableau', 'bi', '白酒', '消品', '行业', '数据分析', '拥有', '数据分析', '实战经验', '快速', '理解', '酒类', '销售业务', '逻辑', '数据', '转化', '业务', '方案', '逻辑思维', '清晰', '数据', '敏感', '跨部门', '解决']",资深 数据 分析师 职责 渠道 销售 数据 管理 采集 清洗 多维度 分析 保障 数据 质量 业务 决策 准确性 建立 销售 业绩 库存 健康 渠道 动销 效率 核心 指标 监控 体系 输出 落地 数据 洞察 风险 预警 白酒 消费 趋势 区域 市场 特征 消费者 数据 销售策略 优化 量化 提升 整体 经营 效率 搭建 可视化 bi 看板 powerbi tableau 定期 输出 销售 分析报告 支撑 管理层 决策 联动 市场 运营 量化 评估 促销 活动 roi 提出 针对性 优化 建议 推动 落地 统计学 数学 计算机 市场营销 背景 excel 高级 功能 数据 透视 vlookup 独立 sql 数据 提取 python r spss 分析 powerbi tableau bi 白酒 消品 行业 数据分析 拥有 数据分析 实战经验 快速 理解 酒类 销售业务 逻辑 数据 转化 业务 方案 逻辑思维 清晰 数据 敏感 跨部门 解决
数据分析师,高薪岗位,数据分析师,数据分析师 1、了解市场行情，收集市场信息，跟踪市场行业变化，挖掘市场价值 2、分析每日的市场研究报告，完成相关的策略技术操作; 3、有市场技术分析和讲解，有独特的分析及个人见解。 二、职位要求: 1、具备较强的学习能力和抗压能力，适应力强，能够快速融入团队; 2、逻辑思维清晰，具有良好的职业素养，具有很强的计划和执行能力; 3、人品端正，有责任心，愿与公司一同成长进步; 三、福利待遇: ，1、底薪无责7000+30%提成，综合到手8k-10k以上，1个月后转正，综合到手10k以上; 2、上班时间:周一至周五10-17:30，周六、周日双休，不加班！！法定节假日按国家规定带薪休假; 3、员工关怀:定期团队聚餐、下午茶、户外旅游,"['数据', '分析师', '市场行情', '收集', '市场', '信息', '跟踪', '市场', '行业', '变化', '挖掘', '市场', '价值', '分析', '每日', '市场', '研究', '报告', '策略', '技术', '操作', '市场', '技术', '分析', '讲解', '独特', '分析', '个人见解', '抗压', '适应力', '快速', '融入', '逻辑思维', '清晰', '职业', '素养', '很强', '计划', '人品', '端正', '责任心', '一同', '成长', '福利待遇', '底薪', '无责', '30%', '综合', '到手', '8k', '10k', '转正', '综合', '到手', '10k', '上班时间', '周一', '周五', '周六', '周日', '加班', '法定', '节假日', '国家', '带薪休假', '员工', '关怀', '定期', '聚餐', '户外']",数据 分析师 市场行情 收集 市场 信息 跟踪 市场 行业 变化 挖掘 市场 价值 分析 每日 市场 研究 报告 策略 技术 操作 市场 技术 分析 讲解 独特 分析 个人见解 抗压 适应力 快速 融入 逻辑思维 清晰 职业 素养 很强 计划 人品 端正 责任心 一同 成长 福利待遇 底薪 无责 30% 综合 到手 8k 10k 转正 综合 到手 10k 上班时间 周一 周五 周六 周日 加班 法定 节假日 国家 带薪休假 员工 关怀 定期 聚餐 户外
数据分析师,非高薪岗位,财务数据分析师（SOP方向）/双休,财务数据分析师（SOP方向）/双休 岗位属于财务运营/数据分析序列，特别欢迎有会计师事务所审计经验、希望转型深入业务一线的候选人。我们将利用您的审计逻辑思维，搭建标准化的业财数据体系。” ● 标准化任务执行 (SOP Execution) ● 严格遵循团队制定的标准作业程序（SOP），高效、准确地完成日常数据提取、清洗、核对及报表输出等既定任务，确保数据处理过程的规范性与可追溯性。 ● 主动更新文档：在逻辑确认后，第一时间修订、更新 SOP 操作手册，做好版本管理，确保“文档即真理”，避免口头传达导致的误差。 ● 版本管理：做好 SOP 的版本记录与归档，协助团队进行知识沉淀，避免因人员流动或流程遗忘导致的操作失误。 ● 业务链路认知与学习 (Business Acumen) ● 主动学习并深入理解所在业务的整体场景与运作模式。 ● 清晰认知自身负责的账务数据在整体“业务 - 财务”链路中的具体节点位置，理解上下游数据流转逻辑，避免机械式操作。 ● 差异分析与问题推进 (Analysis & Problem Solving) ● 在项目主管提供项目背景及“业财转化逻辑”输入后，能够独立执行数据逻辑，输出准确的业财差异数据报表。 ● 具备基础的问题定位能力，能对常见的简单差异进行初步归因分析。 ● 作为执行接口人，主动与相关业务方、技术方沟通差异细节，推动简单问题的闭环解决。 ● 沟通协作与进度管理 (Communication & Delivery) ● 建立高效的汇报机制，在执行过程中遇到阻塞、异常或潜在风险时，第一时间向对接的项目主管预警并寻求支持。 ● 实时同步项目关键节点的完成进度，确保信息透明。 ● 举一反三和风险识别【新增核心项】 ● 敏锐捕捉变化：在执行过程中，若发现业务规则变更、系统逻辑调整或原有 SOP 无法覆盖新场景时，需及时识别并记录。 ● 以结果为导向，保质保量按时交付任务，对最终产出负责。 ● 举一反三项目复制：在同一个业务模式下，当新增产品或新场景出现时，能够快速拆解其与原有成熟产品的异同点，能够自主复制原有的项目方案（如核算逻辑、核对模型、SOP框架），并根据新产品的特性进行适配性调整，和项目主管对焦后，快速输出新场景的业财SOP。 职位要求： ● 学历专业：本科及以上学历，财务、会计、统计学、信息管理或相关专业优先。 ●工作年限：4年以上 ● 技能要求： ● 精通 Excel（透视表、函数），具备优秀的文档编写能力。 ● 具备良好的数据敏感度，对数字差异有敏锐的洞察力。 ● 有 SQL 基础或大数据平台（如 MaxCompute/ODPS）使用经验者优先。 ● 软性素质： ● 极强的迁移学习能力：善于总结规律，能从“一个案子”总结出“一类案子”的方法论，并应用到新场景中。 ● 主动性 (Proactivity)：拒绝“等靠要”，在新需求来临时，能主动基于已有知识库提出解决方案，而非等待指令。 ● 结构化思维：能清晰区分“不变的模式”与“变化的参数”，在复制方案时精准调整变量。 ● 严谨细致：对数据准确性负责，对流程规范性有执念。 ● 工作经验：有财务共享中心、数据核对、审计助理经验 ● 语言：英语能力优先,"['财务数据', '分析师', 'sop', '财务', '运营', '数据分析', '序列', '特别', '会计师', '事务所', '审计', '希望', '转型', '业务', '一线', '利用', '审计', '逻辑思维', '搭建', '标准化', '业财', '数据', '体系', '标准化', 'sop', 'execution', '制定', '标准', '作业', '程序', 'sop', '高效', '准确', '数据', '提取', '清洗', '核对', '报表', '输出', '既定', '确保', '数据处理', '过程', '规范性', '可追溯', '主动', '更新', '文档', '逻辑', '确认', '第一', '时间', '修订', '更新', 'sop', '操作手册', '做好', '版本', '管理', '确保', '文档', '真理', '口头', '传达', '导致', '误差', '版本', '管理', '做好', 'sop', '版本', '记录', '归档', '知识', '沉淀', '流动', '流程', '遗忘', '导致', '操作失误', '业务', '链路', '认知', 'business', 'acumen', '主动', '理解', '业务', '整体', '场景', '运作', '模式', '清晰', '认知', '账务', '数据', '整体', '业务', '财务', '链路', '节点', '位置', '理解', '上下游', '数据', '流转', '逻辑', '机械式', '操作', '差异', '分析', 'analysis', 'problem', 'solving', '项目', '主管', '项目', '背景', '业财', '转化', '逻辑', '输入', '独立', '数据', '逻辑', '输出', '准确', '业财', '差异', '数据报表', '基础', '定位', '常见', '简单', '差异', '初步', '归因', '分析', '接口', '主动', '业务', '技术', '差异', '细节', '推动', '简单', '闭环', '解决', '协作', '进度', '管理', 'communication', 'delivery', '建立', '高效', '汇报', '机制', '过程', '阻塞', '异常', '潜在', '风险', '第一', '时间', '对接', '项目', '主管', '预警', '寻求', '实时', '同步', '项目', '关键', '节点', '进度', '确保', '信息', '透明', '举一反三', '风险', '识别', '新增', '核心', '敏锐', '捕捉', '变化', '过程', '发现', '业务', '规则', '变更', '系统', '逻辑', '调整', '原有', 'sop', '覆盖', '场景', '识别', '记录', '导向', '保质保量', '交付', '最终', '产出', '举一反三', '项目', '复制', '同一个', '业务', '模式', '新增', '产品', '场景', '快速', '拆解', '原有', '成熟', '产品', '异同', '自主', '复制', '原有', '项目', '方案', '核算', '逻辑', '核对', '模型', 'sop', '框架', '产品', '特性', '适配', '调整', '项目', '主管', '对焦', '快速', '输出', '场景', '业财', 'sop', '财务', '会计', '统计学', '信息管理', '年限', '技能', '精通', 'excel', '透视', '函数', '文档', '编写', '数据', '敏感度', '数字', '差异', '敏锐', '洞察力', 'sql', '基础', '数据', '平台', 'maxcompute', 'odps', '软性', '素质', '极强', '迁移', '善于', '规律', '案子', '一类', '案子', '方法论', '场景', '主动性', 'proactivity', '拒绝', '需求', '临时', '主动', '已有', '知识库', '提出', '解决方案', '等待', '指令', '结构化', '思维', '清晰', '区分', '模式', '变化', '参数', '复制', '方案', '精准', '调整', '变量', '严谨', '细致', '数据', '准确性', '流程', '规范性', '执念', '财务', '共享', '中心', '数据', '核对', '审计', '助理', '语言', '英语']",财务数据 分析师 sop 财务 运营 数据分析 序列 特别 会计师 事务所 审计 希望 转型 业务 一线 利用 审计 逻辑思维 搭建 标准化 业财 数据 体系 标准化 sop execution 制定 标准 作业 程序 sop 高效 准确 数据 提取 清洗 核对 报表 输出 既定 确保 数据处理 过程 规范性 可追溯 主动 更新 文档 逻辑 确认 第一 时间 修订 更新 sop 操作手册 做好 版本 管理 确保 文档 真理 口头 传达 导致 误差 版本 管理 做好 sop 版本 记录 归档 知识 沉淀 流动 流程 遗忘 导致 操作失误 业务 链路 认知 business acumen 主动 理解 业务 整体 场景 运作 模式 清晰 认知 账务 数据 整体 业务 财务 链路 节点 位置 理解 上下游 数据 流转 逻辑 机械式 操作 差异 分析 analysis problem solving 项目 主管 项目 背景 业财 转化 逻辑 输入 独立 数据 逻辑 输出 准确 业财 差异 数据报表 基础 定位 常见 简单 差异 初步 归因 分析 接口 主动 业务 技术 差异 细节 推动 简单 闭环 解决 协作 进度 管理 communication delivery 建立 高效 汇报 机制 过程 阻塞 异常 潜在 风险 第一 时间 对接 项目 主管 预警 寻求 实时 同步 项目 关键 节点 进度 确保 信息 透明 举一反三 风险 识别 新增 核心 敏锐 捕捉 变化 过程 发现 业务 规则 变更 系统 逻辑 调整 原有 sop 覆盖 场景 识别 记录 导向 保质保量 交付 最终 产出 举一反三 项目 复制 同一个 业务 模式 新增 产品 场景 快速 拆解 原有 成熟 产品 异同 自主 复制 原有 项目 方案 核算 逻辑 核对 模型 sop 框架 产品 特性 适配 调整 项目 主管 对焦 快速 输出 场景 业财 sop 财务 会计 统计学 信息管理 年限 技能 精通 excel 透视 函数 文档 编写 数据 敏感度 数字 差异 敏锐 洞察力 sql 基础 数据 平台 maxcompute odps 软性 素质 极强 迁移 善于 规律 案子 一类 案子 方法论 场景 主动性 proactivity 拒绝 需求 临时 主动 已有 知识库 提出 解决方案 等待 指令 结构化 思维 清晰 区分 模式 变化 参数 复制 方案 精准 调整 变量 严谨 细致 数据 准确性 流程 规范性 执念 财务 共享 中心 数据 核对 审计 助理 语言 英语
数据分析师,非高薪岗位,软件数据分析师,软件数据分析师 岗位内容： 1. 收集、整理和分析各类数据，为公司提供基础数据和决策支持。 2. 建立和维护各种类型的数据指标和报告，跟踪业务进展和趋势。 3. 参与规划和执行公司数据战略，推动数字化转型和技术创新。 4. 探索和应用数据挖掘和机器学习技术，提高数据价值和利用效率。 任职要求： 1. 具备统计学、数学、计算机科学或相关领域的学士及以上学历。 2. 熟练使用常见的数据分析工具和平台，如Excel、SQL、BI工具等。 3. 具备较强的数据处理和分析能力，可以根据业务需求制定相应的数据方案和报表。 4. 具备团队合作精神和良好的沟通能力，能够与不同职能和层级的人员协作。,"['软件', '数据', '分析师', '内容', '收集', '整理', '分析', '各类', '数据', '基础', '数据', '决策', '建立', '维护', '各种类型', '数据', '指标', '报告', '跟踪', '业务', '进展', '趋势', '规划', '数据', '战略', '推动', '数字化', '转型', '技术创新', '探索', '数据挖掘', '机器学习', '技术', '提高', '数据', '价值', '利用效率', '统计学', '数学', '计算机科学', '领域', '学士', '常见', '数据分析', '平台', 'excel', 'sql', 'bi', '数据处理', '分析', '业务', '需求', '制定', '数据', '方案', '报表', '合作', '精神', '职能', '层级', '协作']",软件 数据 分析师 内容 收集 整理 分析 各类 数据 基础 数据 决策 建立 维护 各种类型 数据 指标 报告 跟踪 业务 进展 趋势 规划 数据 战略 推动 数字化 转型 技术创新 探索 数据挖掘 机器学习 技术 提高 数据 价值 利用效率 统计学 数学 计算机科学 领域 学士 常见 数据分析 平台 excel sql bi 数据处理 分析 业务 需求 制定 数据 方案 报表 合作 精神 职能 层级 协作
数据分析师,高薪岗位,数据分析师助理,数据分析师助理 岗位职责: 1、负责所属板块的信息整理，基本面分析，把握行业发展趋势进行信息数据的收集与整理； 2、对所负责的行业内容及进行深入研究； 3、协助完成在推进过程中的其他工作及领导下发的其他任务； 二、职位要求: 1、具备较强的学习能力和抗压能力，适应力强，能够快速融入团队； 2、逻辑思维清晰，具有良好的职业素养，具有很强的计划和执行能力； 3、人品端正，有责任心，愿与公司一同成长进步； 三、福利待遇： ，1、底薪5000+20%提成，转正后底薪7000+30%提成，综合到手10k-20k以上，1个月后转正，综合到手13k以上； 2、上班时间:周一至周五10-17:30，周六、周日双休， 法定节假日按国家规定带薪休假； 3、员工关怀:定期团队聚餐、下午茶、户外旅游等,"['数据', '分析师', '助理', '所属', '板块', '信息', '整理', '基本面', '分析', '把握', '行业', '发展趋势', '信息', '数据', '收集', '整理', '行业', '内容', '深入研究', '过程', '领导', '下发', '抗压', '适应力', '快速', '融入', '逻辑思维', '清晰', '职业', '素养', '很强', '计划', '人品', '端正', '责任心', '一同', '成长', '福利待遇', '底薪', '20%', '转正', '底薪', '30%', '综合', '到手', '10k', '20k', '转正', '综合', '到手', '13k', '上班时间', '周一', '周五', '周六', '周日', '法定', '节假日', '国家', '带薪休假', '员工', '关怀', '定期', '聚餐', '户外']",数据 分析师 助理 所属 板块 信息 整理 基本面 分析 把握 行业 发展趋势 信息 数据 收集 整理 行业 内容 深入研究 过程 领导 下发 抗压 适应力 快速 融入 逻辑思维 清晰 职业 素养 很强 计划 人品 端正 责任心 一同 成长 福利待遇 底薪 20% 转正 底薪 30% 综合 到手 10k 20k 转正 综合 到手 13k 上班时间 周一 周五 周六 周日 法定 节假日 国家 带薪休假 员工 关怀 定期 聚餐 户外
商业分析师,高薪岗位,商业分析师（医药零售）,商业分析师（医药零售） 岗位职责 1.经营分析：负责业务模块经营分析模型搭建，为业务管理者提供决策支持；包括目标测算、考核设计和追踪，搭建业务健康度的经营分析框架和数据体系，通过目标的拆解和过程指标体系设定，指引业务方向，保证目标达成同时基于该框架，追踪业绩进展，识别关键差距; 2.资源管理：以业务线经营视角全局看业务，产出业务预算规划和自标拆解。并设计对应的资源考核方案，驱动业务目标； 3.关键问题的识别与策略输出：通过内部关键指标追踪和外部动态分析，寻找核心驱动要素，识别业务关键问题，输出洞察和策略建议，帮助业务解决关键问题； 4.项目推进：与其他部门、产品、内审、风控、财务等部门互相合作，负责公司级OKR项目在业务侧的落地执行。 任职要求 1.本科及以上学历；5年以上经营分析、商业分析工作经验，有医药行业、电商、O2O经历更佳； 2.熟悉常见的分析工具和数据分析方法论，SQL熟练，具备较强的建模能力； 3.独立思考，业务敏感度和洞察力强，有良好的逻辑、结构化能力； 4.工作积极主动，有强烈的责任心和严谨的工作作风，具备较强的执行力和抗压力； 5.具备良好的沟通能力和协作精神，有很强的跨部门协调推进力。,"['商业', '分析师', '医药', '零售', '经营', '分析', '业务', '模块', '经营', '分析模型', '搭建', '业务', '管理者', '决策', '目标', '测算', '考核', '设计', '追踪', '搭建', '业务', '健康', '经营', '分析', '框架', '数据', '体系', '目标', '拆解', '过程', '指标体系', '设定', '指引', '业务', '保证', '目标', '达成', '框架', '追踪', '业绩', '进展', '识别', '关键', '差距', '资源管理', '业务', '经营', '视角', '全局', '业务', '产出', '业务', '预算', '规划', '自标', '拆解', '设计', '资源', '考核', '方案', '驱动', '业务', '目标', '关键问题', '识别', '策略', '输出', '内部', '关键', '指标', '追踪', '外部', '动态分析', '寻找', '核心', '驱动', '要素', '识别', '业务', '关键问题', '输出', '洞察', '策略', '建议', '业务', '解决', '关键问题', '项目', '产品', '内审', '风控', '财务', '互相合作', 'okr', '项目', '业务', '落地', '经营', '分析', '商业', '分析', '医药行业', '电商', 'o2o', '经历', '更佳', '常见', '分析', '数据分析', '方法论', 'sql', '建模', '独立思考', '业务', '敏感度', '洞察力', '逻辑', '结构化', '积极主动', '责任心', '严谨', '工作作风', '执行力', '压力', '协作', '精神', '跨部门', '协调', '推进力']",商业 分析师 医药 零售 经营 分析 业务 模块 经营 分析模型 搭建 业务 管理者 决策 目标 测算 考核 设计 追踪 搭建 业务 健康 经营 分析 框架 数据 体系 目标 拆解 过程 指标体系 设定 指引 业务 保证 目标 达成 框架 追踪 业绩 进展 识别 关键 差距 资源管理 业务 经营 视角 全局 业务 产出 业务 预算 规划 自标 拆解 设计 资源 考核 方案 驱动 业务 目标 关键问题 识别 策略 输出 内部 关键 指标 追踪 外部 动态分析 寻找 核心 驱动 要素 识别 业务 关键问题 输出 洞察 策略 建议 业务 解决 关键问题 项目 产品 内审 风控 财务 互相合作 okr 项目 业务 落地 经营 分析 商业 分析 医药行业 电商 o2o 经历 更佳 常见 分析 数据分析 方法论 sql 建模 独立思考 业务 敏感度 洞察力 逻辑 结构化 积极主动 责任心 严谨 工作作风 执行力 压力 协作 精神 跨部门 协调 推进力
商业分析师,非高薪岗位,商业分析师,商业分析师 （需现场面试） 1、 客户财报数据收集、整理及基础分析，如客户年报、季报关键数据整理记录、进行基础客户财报分析及数据支撑等； 2、 外部信息收集和基础分析，如外部行业研究报告信息提取、宏观环境、客户&股东信息、资本市场等。 3、 协助部分财经要素按需展开风险审视基础工作。 4、 IT系统维护支撑，客户财报数字化工作支撑及运营维护。 1、 财经专业/履历优先 2、 熟悉宏观经济及财务管理相关知识； 3、 有英文阅读及沟通能力 4、 熟练使用WORD、EXCEL、PPT等；,"['商业', '分析师', '现场', '面试', '客户', '财报', '数据', '收集', '整理', '基础', '分析', '客户', '年报', '季报', '关键', '数据', '整理', '记录', '基础', '客户', '财报', '分析', '数据', '支撑', '外部', '信息', '收集', '基础', '分析', '外部', '行业', '研究', '报告', '信息提取', '宏观', '环境', '客户', '股东', '信息', '资本', '市场', '财经', '要素', '展开', '风险', '审视', '基础', 'it', '系统维护', '支撑', '客户', '财报', '数字化', '支撑', '运营', '维护', '财经', '履历', '宏观经济', '财务管理', '知识', '英文', '阅读', 'word', 'excel', 'ppt']",商业 分析师 现场 面试 客户 财报 数据 收集 整理 基础 分析 客户 年报 季报 关键 数据 整理 记录 基础 客户 财报 分析 数据 支撑 外部 信息 收集 基础 分析 外部 行业 研究 报告 信息提取 宏观 环境 客户 股东 信息 资本 市场 财经 要素 展开 风险 审视 基础 it 系统维护 支撑 客户 财报 数字化 支撑 运营 维护 财经 履历 宏观经济 财务管理 知识 英文 阅读 word excel ppt
商业分析师,非高薪岗位,商业分析师（BA）-外企-六险一金,商业分析师（BA）-外企-六险一金 岗位职责 1. 负责业务数据的日常监控、多维度分析以及深度挖掘，及时发现数据异常、业务机会与潜在风险，输出可落地的分析结论与优化建议。 2. 独立完成数据提取、清洗、建模、统计分析与可视化报告，支撑业务决策、复盘与策略迭代。对接业务需求，将业务问题转化为数据分析方案，输出专题分析。 3. 搭建与维护数据看板、报表体系，提升数据透明度与业务效率。 4. 参与数据指标体系建设，规范口径，保障数据准确性与一致性。 任职要求 1. 本科及以上学历，统计学、数学、计算机、经济学、数据分析相关专业优先。 2. 具备极强的数据敏感度，对数字、趋势、异常波动高度敏感，能从数据中快速发现问题与规律。 3. 拥有扎实的数据分析实战经验，能独立完成从需求理解、数据取数到结论输出的全流程。 4. 熟练使用 SQL 进行复杂数据查询、多表关联、子查询、数据清洗与汇总。 5. 熟练使用 Python 进行数据分析，能处理数据、做统计分析与简单建模优先。 6. 熟练使用 Tableau 制作可视化看板、报表与交互式图表，能独立搭建数据 dashboard。 7. 逻辑清晰，沟通表达顺畅，能将复杂数据结论用业务语言清晰传递。 8. 责任心强，细致严谨，具备较强的问题拆解与解决能力。,"['商业', '分析师', 'ba', '外企', '六险', '业务', '数据', '监控', '多维度', '分析', '深度', '挖掘', '及时发现', '数据', '异常', '业务', '机会', '潜在', '风险', '输出', '落地', '分析', '结论', '优化', '建议', '独立', '数据', '提取', '清洗', '建模', '统计分析', '可视化', '报告', '支撑', '业务', '决策', '复盘', '策略', '迭代', '对接', '业务', '需求', '业务', '转化', '数据分析', '方案', '输出', '专题', '分析', '搭建', '维护', '数据', '报表', '体系', '提升', '数据', '透明度', '业务', '效率', '数据', '指标体系', '建设', '规范', '口径', '保障', '数据', '准确性', '一致性', '统计学', '数学', '计算机', '经济学', '数据分析', '极强', '数据', '敏感度', '数字', '趋势', '异常', '波动', '高度', '敏感', '数据', '快速', '发现', '规律', '拥有', '扎实', '数据分析', '实战经验', '独立', '需求', '理解', '数据', '取数', '结论', '输出', '流程', 'sql', '数据', '查询', '多表', '关联', '查询', '数据', '清洗', '汇总', 'python', '数据分析', '数据', '统计分析', '简单', '建模', 'tableau', '制作', '可视化', '报表', '交互式', '图表', '独立', '搭建', '数据', 'dashboard', '逻辑', '清晰', '顺畅', '数据', '结论', '业务', '语言', '清晰', '传递', '责任心', '细致', '严谨', '拆解', '解决']",商业 分析师 ba 外企 六险 业务 数据 监控 多维度 分析 深度 挖掘 及时发现 数据 异常 业务 机会 潜在 风险 输出 落地 分析 结论 优化 建议 独立 数据 提取 清洗 建模 统计分析 可视化 报告 支撑 业务 决策 复盘 策略 迭代 对接 业务 需求 业务 转化 数据分析 方案 输出 专题 分析 搭建 维护 数据 报表 体系 提升 数据 透明度 业务 效率 数据 指标体系 建设 规范 口径 保障 数据 准确性 一致性 统计学 数学 计算机 经济学 数据分析 极强 数据 敏感度 数字 趋势 异常 波动 高度 敏感 数据 快速 发现 规律 拥有 扎实 数据分析 实战经验 独立 需求 理解 数据 取数 结论 输出 流程 sql 数据 查询 多表 关联 查询 数据 清洗 汇总 python 数据分析 数据 统计分析 简单 建模 tableau 制作 可视化 报表 交互式 图表 独立 搭建 数据 dashboard 逻辑 清晰 顺畅 数据 结论 业务 语言 清晰 传递 责任心 细致 严谨 拆解 解决
商业分析师,非高薪岗位,商业分析师,商业分析师 1. 分析业务数据，提供可视化报告。 2. 构建数据模型，进行数据挖掘和预测。 3. 为战略决策提供支持。 4. 跟踪行业趋势，分析竞品。 5. 与业务部门合作，推进数据分析工作。 6. 根据数据提出产品优化建议。 感兴趣联系我，欢迎加入我们的团队！,"['商业', '分析师', '分析', '业务', '数据', '可视化', '报告', '构建', '数据模型', '数据挖掘', '预测', '战略决策', '跟踪', '行业', '趋势', '分析', '竞品', '业务部门', '合作', '数据分析', '数据', '提出', '产品', '优化', '建议', '感兴趣']",商业 分析师 分析 业务 数据 可视化 报告 构建 数据模型 数据挖掘 预测 战略决策 跟踪 行业 趋势 分析 竞品 业务部门 合作 数据分析 数据 提出 产品 优化 建议 感兴趣
商业分析师,非高薪岗位,CDD商业分析师,"CDD商业分析师 关于我们 成立于2011年的咨询公司，拥有对多行业、多赛道和全球化的研究能力和经验。公司目前在北京、石家庄、杭州、成都、九江等多地均设立办公室，在职员工150人左右。汇生咨询是一家专注于投资尽调领域的专业咨询机构，致力于为客户提供深度、精准的投前尽调分析服务。我们以严谨的调研方法、专业的分析视角和创新的技术应用，在行业内树立了良好的口碑。汇生集团官网：http://www.huishengvc.com/home/about 我们服务的客户群体： [1]领先的全球投资机构，例如红杉资本、高瓴资本、GIC、淡马锡等； [2]国央资大型投资平台：国投、招商局集团、光大控股、中信产业基金等； [3]大厂战略研究部门：字节、阿里巴巴、腾讯、京东等 职位要求： 一、市场与行业研究： 深入研究目标公司所在行业的市场规模、增长驱动因素、竞争格局、关键成功要素和未来发展趋势。 分析产业链上下游结构，识别潜在的风险和机遇。 二、公司业务分析： 深度剖析目标公司的商业模式、产品与服务、客户构成、销售渠道和定价策略。 评估目标公司的市场定位、核心竞争优势（护城河）和相对竞争力。 三、数据收集与验证： 通过案头研究、专家访谈、第三方数据库（如：Wind, Bloomberg, Capital IQ, 官方统计数据等）等多种渠道，系统性地收集和整理数据。 对收集到的数据进行交叉验证和严谨的事实核查，确保信息的准确性和可靠性。 四、财务模型与预测支持： 协助高级团队成员构建市场规模预测模型和目标公司收入预测模型。 分析历史财务数据与运营数据的关联性，为财务预测提供商业逻辑支持。 报告撰写与演示： 将复杂的研究和分析结果，提炼、整合成逻辑清晰、论据充分的书面尽调报告或演示文稿。 学历要求：985/211重点本科毕业，QS前100，有相关实习经历或者工作经验可放宽要求。 加分项 - 有投资咨询、尽调、行业研究等相关实习或工作经验者优先。 - 具备良好的文档撰写能力，能够清晰、准确地表达分析思路和结论。 - 熟悉投资领域的相关知识和业务流程，了解行业动态和市场趋势。 我们在做什么？ 帮助投资人判断价值和甄别风险 需要候选人具备行业研究潜质： 1.较高的学习能力，快速学习多行业、跨学科知识； 2.快速理解被投资企业的商业实质以及管理机制； 3.敏锐的信息嗅觉，通过公开信息检索更全面的二手信息； 4.灵活、专业的沟通能力，同各个行业的顶级管理层和专家进行访谈和学习； 5.缜密的思维逻辑和分析能力，通过项目中海量的一手、二手信息进行分析，洞察事物实质； 6.良好的语言和文字输出能力。 我们提供 - 具有竞争力的薪酬待遇，根据个人能力和经验面议。 - 完善的培训体系，提供专业培训，帮助你快速提升专业能力。 - 广阔的职业发展空间，为你提供多元化的职业发展路径，支持你的职业成长。 - 良好的团队氛围，与一群优秀、专业的同事共事，共同成长与进步。 - 丰富的员工福利，包括五险一金、年终奖金、带薪年假、节日福利、年度旅游等。","['cdd', '商业', '分析师', '成立', '咨询', '拥有', '行业', '赛道', '全球化', '研究', '北京', '石家庄', '杭州', '成都', '九江', '设立', '办公室', '在职员工', '汇生', '咨询', '一家', '专注', '投资', '尽调', '领域', '咨询机构', '致力于', '客户', '深度', '精准', '投前', '尽调', '分析', '服务', '严谨', '调研', '方法', '分析', '视角', '创新', '技术', '行业', '树立', '口碑', '汇生', '集团', '官网', 'http', 'www', 'huishengvc', 'com', 'home', 'about', '服务', '客户', '群体', '领先', '全球', '投资', '机构', '红杉', '资本', '高瓴', '资本', 'gic', '淡马锡', '国央资', '大型', '投资', '平台', '国投', '招商局', '集团', '光大', '控股', '中信', '产业', '基金', '大厂', '战略', '研究', '字节', '阿里巴巴', '腾讯', '京东', '市场', '行业', '研究', '深入研究', '目标', '行业', '市场', '规模', '增长', '驱动', '因素', '竞争', '格局', '关键', '成功', '要素', '未来', '发展趋势', '分析', '产业链', '上下游', '结构', '识别', '潜在', '风险', '机遇', '业务', '分析', '深度', '剖析', '目标', '商业模式', '产品', '服务', '客户', '销售', '渠道', '定价', '策略', '评估', '目标', '市场', '定位', '核心', '竞争', '优势', '护城河', '竞争力', '数据', '收集', '验证', '案头', '研究', '专家', '访谈', '第三方', '数据库', 'wind', 'bloomberg', 'capital', 'iq', '官方', '统计数据', '多种', '渠道', '系统性', '收集', '整理', '数据', '收集', '数据', '交叉', '验证', '严谨', '事实', '核查', '确保', '信息', '准确性', '可靠性', '财务', '模型', '预测', '高级', '成员', '构建', '市场', '规模', '预测', '模型', '目标', '收入', '预测', '模型', '分析', '历史', '财务数据', '运营', '数据', '关联性', '财务', '预测', '商业', '逻辑', '报告', '撰写', '演示', '研究', '分析', '提炼', '整合', '逻辑', '清晰', '论据', '书面', '尽调', '报告', '演示', '文稿', '重点', '本科毕业', 'qs', '实习', '经历', '放宽', '分项', '投资', '咨询', '尽调', '行业', '研究', '实习', '文档', '撰写', '清晰', '准确', '分析', '思路', '结论', '投资', '领域', '知识', '业务流程', '行业动态', '市场趋势', '投资人', '判断', '价值', '甄别', '风险', '行业', '研究', '潜质', '快速', '行业', '跨学科', '知识', '快速', '理解', '投资', '企业', '商业', '实质', '管理机制', '敏锐', '信息', '嗅觉', '公开', '信息检索', '二手', '信息', '灵活', '行业', '顶级', '管理层', '专家', '访谈', '缜密', '思维', '逻辑', '分析', '项目', '海量', '一手', '二手', '信息', '分析', '洞察', '事物', '实质', '语言', '文字', '输出', '竞争力', '薪酬', '面议', '完善', '体系', '专业培训', '快速', '提升', '广阔', '职业', '发展', '空间', '多元化', '职业', '发展', '路径', '职业', '成长', '氛围', '一群', '同事', '共事', '成长', '员工福利', '年终奖金', '节日', '年度']",cdd 商业 分析师 成立 咨询 拥有 行业 赛道 全球化 研究 北京 石家庄 杭州 成都 九江 设立 办公室 在职员工 汇生 咨询 一家 专注 投资 尽调 领域 咨询机构 致力于 客户 深度 精准 投前 尽调 分析 服务 严谨 调研 方法 分析 视角 创新 技术 行业 树立 口碑 汇生 集团 官网 http www huishengvc com home about 服务 客户 群体 领先 全球 投资 机构 红杉 资本 高瓴 资本 gic 淡马锡 国央资 大型 投资 平台 国投 招商局 集团 光大 控股 中信 产业 基金 大厂 战略 研究 字节 阿里巴巴 腾讯 京东 市场 行业 研究 深入研究 目标 行业 市场 规模 增长 驱动 因素 竞争 格局 关键 成功 要素 未来 发展趋势 分析 产业链 上下游 结构 识别 潜在 风险 机遇 业务 分析 深度 剖析 目标 商业模式 产品 服务 客户 销售 渠道 定价 策略 评估 目标 市场 定位 核心 竞争 优势 护城河 竞争力 数据 收集 验证 案头 研究 专家 访谈 第三方 数据库 wind bloomberg capital iq 官方 统计数据 多种 渠道 系统性 收集 整理 数据 收集 数据 交叉 验证 严谨 事实 核查 确保 信息 准确性 可靠性 财务 模型 预测 高级 成员 构建 市场 规模 预测 模型 目标 收入 预测 模型 分析 历史 财务数据 运营 数据 关联性 财务 预测 商业 逻辑 报告 撰写 演示 研究 分析 提炼 整合 逻辑 清晰 论据 书面 尽调 报告 演示 文稿 重点 本科毕业 qs 实习 经历 放宽 分项 投资 咨询 尽调 行业 研究 实习 文档 撰写 清晰 准确 分析 思路 结论 投资 领域 知识 业务流程 行业动态 市场趋势 投资人 判断 价值 甄别 风险 行业 研究 潜质 快速 行业 跨学科 知识 快速 理解 投资 企业 商业 实质 管理机制 敏锐 信息 嗅觉 公开 信息检索 二手 信息 灵活 行业 顶级 管理层 专家 访谈 缜密 思维 逻辑 分析 项目 海量 一手 二手 信息 分析 洞察 事物 实质 语言 文字 输出 竞争力 薪酬 面议 完善 体系 专业培训 快速 提升 广阔 职业 发展 空间 多元化 职业 发展 路径 职业 成长 氛围 一群 同事 共事 成长 员工福利 年终奖金 节日 年度
商业分析师,非高薪岗位,会计师/商业分析师,"会计师/商业分析师 职位概述 我们正寻找一位充满干劲的会计师/商业分析师加入我们的团队。希望你能将会计专业知识与分析技能相结合，确保财务账目数据准确，提供商业分析见解并辅助战略决策。如果你在充满活力的环境中表现出色，且乐于处理数字和数据，那么这个职位正适合你。 主要职责 会计: 保持账目清晰准确，按时进行月末结账流程。及时准确地编制财务报表、财务预算。管理应付账款/应收账款和薪资发放事务。 确保遵守GAPP会计准则、税务法规和内部政策。协助进行审计工作，并负责与外部审计机构进行联络。 商业分析: 分析财务和运营数据，发现识别趋势和机遇。开发用于绩效监控的仪表板、报告及关键绩效指标。 与团队协作，以改进流程和系统。提供有助于成本优化和战略规划的实用见解。 资格 拥有会计、金融或工商管理学士学位。 拥有 3 年以上的会计和/或商业分析经验。 对GAAP准则和CAS的财务报告标准有深入了解。 熟练掌握 Excel 和企业ERP系统（SAP、Oracle、NetSuite）。 具备出色的分析能力、解决问题能力和沟通技巧。 语言：英语能作为工作语言；日常沟通流畅； 我们将提供：: 具有竞争力的薪资和福利待遇组合。 职业成长和发展的机遇。 协作与支持友好型的工作环境。 Job Title: Accountant / Business Analyst Location: Kunming, Yunnan Employment Type: Full-Time Position Overview We are looking for a highly motivated Accountant / Business Analyst to join our team. This hybrid role combines accounting expertise with analytical skills to support financial accuracy, business insights, and strategic decision-making. If you thrive in a dynamic environment and enjoy working with numbers and data, this position is for you. Key Responsibilities Accounting: Maintain accurate financial records and perform month-end close processes. Prepare financial statements, budgets, and forecasts. Manage accounts payable/receivable and payroll. Ensure compliance with GAAP, tax regulations, and internal policies. Support audits and liaise with external auditors. Business Analysis: Analyze financial and operational data to identify trends and opportunities. Develop dashboards, reports, and KPIs for performance monitoring. Collaborate with teams to improve processes and systems. Provide actionable insights for cost optimization and strategic planning. Qualifications Bachelor’s degree in Accounting, Finance, or Business Administration. 3+ years of experience in accounting and/or business analysis. Strong knowledge of GAAP and CAS financial reporting standards. Proficiency in Excel and ERP systems (SAP, Oracle, NetSuite). Excellent analytical, problem-solving, and communication skills. What We Offer Competitive salary and benefits package. Opportunities for professional growth and development. Collaborative and supportive work environment.","['会计师', '商业', '分析师', '概述', '寻找', '一位', '充满', '干劲', '会计师', '商业', '分析师', '希望', '会计专业', '知识', '分析', '技能', '相结合', '确保', '财务', '账目', '数据', '准确', '商业', '分析', '见解', '辅助', '战略决策', '充满活力', '环境', '表现出色', '乐于', '数字', '数据', '适合', '主要职责', '会计', '账目', '清晰', '准确', '月末', '结账', '流程', '准确', '编制', '财务报表', '财务预算', '管理', '应付账款', '应收', '账款', '薪资', '发放', '事务', '确保', '遵守', 'gapp', '会计准则', '税务', '法规', '内部', '政策', '审计工作', '外部', '审计', '机构', '联络', '商业', '分析', '分析', '财务', '运营', '数据', '发现', '识别', '趋势', '机遇', '开发', '用于', '监控', '仪表板', '报告', '关键', '指标', '协作', '改进', '流程', '系统', '有助于', '成本', '优化', '战略规划', '实用', '见解', '资格', '拥有', '会计', '金融', '工商管理学士', '学位', '拥有', '会计', '商业', '分析', 'gaap', '准则', 'cas', '财务报告', '标准', 'excel', '企业', 'erp', '系统', 'sap', 'oracle', 'netsuite', '出色', '分析', '解决问题', '技巧', '语言', '英语', '语言', '流畅', '竞争力', '薪资', '福利待遇', '组合', '职业', '成长', '发展', '机遇', '协作', '友好', '环境', 'job', 'title', 'accountant', 'business', 'analyst', 'location', 'kunming', 'yunnan', 'employment', 'type', 'full', 'time', 'position', 'overview', 'we', 'are', 'looking', 'for', 'a', 'highly', 'motivated', 'accountant', 'business', 'analyst', 'to', 'join', 'our', 'team', 'this', 'hybrid', 'role', 'combines', 'accounting', 'expertise', 'with', 'analytical', 'skills', 'to', 'support', 'financial', 'accuracy', 'business', 'insights', 'and', 'strategic', 'decision', 'making', 'if', 'you', 'thrive', 'in', 'a', 'dynamic', 'environment', 'and', 'enjoy', 'working', 'with', 'numbers', 'and', 'data', 'this', 'position', 'is', 'for', 'you', 'key', 'responsibilities', 'accounting', 'maintain', 'accurate', 'financial', 'records', 'and', 'perform', 'month', 'end', 'close', 'processes', 'prepare', 'financial', 'statements', 'budgets', 'and', 'forecasts', 'manage', 'accounts', 'payable', 'receivable', 'and', 'payroll', 'ensure', 'compliance', 'with', 'gaap', 'tax', 'regulations', 'and', 'internal', 'policies', 'support', 'audits', 'and', 'liaise', 'with', 'external', 'auditors', 'business', 'analysis', 'analyze', 'financial', 'and', 'operational', 'data', 'to', 'identify', 'trends', 'and', 'opportunities', 'develop', 'dashboards', 'reports', 'and', 'kpis', 'for', 'performance', 'monitoring', 'collaborate', 'with', 'teams', 'to', 'improve', 'processes', 'and', 'systems', 'provide', 'actionable', 'insights', 'for', 'cost', 'optimization', 'and', 'strategic', 'planning', 'qualifications', 'bachelor', 's', 'degree', 'in', 'accounting', 'finance', 'or', 'business', 'administration', 'years', 'of', 'experience', 'in', 'accounting', 'and', 'or', 'business', 'analysis', 'strong', 'knowledge', 'of', 'gaap', 'and', 'cas', 'financial', 'reporting', 'standards', 'proficiency', 'in', 'excel', 'and', 'erp', 'systems', 'sap', 'oracle', 'netsuite', 'excel', 'lent', 'analytical', 'problem', 'solving', 'and', 'communication', 'skills', 'what', 'we', 'offer', 'competitive', 'salary', 'and', 'benefits', 'package', 'opportunities', 'for', 'professional', 'growth', 'and', 'development', 'collaborative', 'and', 'supportive', 'work', 'environment']",会计师 商业 分析师 概述 寻找 一位 充满 干劲 会计师 商业 分析师 希望 会计专业 知识 分析 技能 相结合 确保 财务 账目 数据 准确 商业 分析 见解 辅助 战略决策 充满活力 环境 表现出色 乐于 数字 数据 适合 主要职责 会计 账目 清晰 准确 月末 结账 流程 准确 编制 财务报表 财务预算 管理 应付账款 应收 账款 薪资 发放 事务 确保 遵守 gapp 会计准则 税务 法规 内部 政策 审计工作 外部 审计 机构 联络 商业 分析 分析 财务 运营 数据 发现 识别 趋势 机遇 开发 用于 监控 仪表板 报告 关键 指标 协作 改进 流程 系统 有助于 成本 优化 战略规划 实用 见解 资格 拥有 会计 金融 工商管理学士 学位 拥有 会计 商业 分析 gaap 准则 cas 财务报告 标准 excel 企业 erp 系统 sap oracle netsuite 出色 分析 解决问题 技巧 语言 英语 语言 流畅 竞争力 薪资 福利待遇 组合 职业 成长 发展 机遇 协作 友好 环境 job title accountant business analyst location kunming yunnan employment type full time position overview we are looking for a highly motivated accountant business analyst to join our team this hybrid role combines accounting expertise with analytical skills to support financial accuracy business insights and strategic decision making if you thrive in a dynamic environment and enjoy working with numbers and data this position is for you key responsibilities accounting maintain accurate financial records and perform month end close processes prepare financial statements budgets and forecasts manage accounts payable receivable and payroll ensure compliance with gaap tax regulations and internal policies support audits and liaise with external auditors business analysis analyze financial and operational data to identify trends and opportunities develop dashboards reports and kpis for performance monitoring collaborate with teams to improve processes and systems provide actionable insights for cost optimization and strategic planning qualifications bachelor s degree in accounting finance or business administration years of experience in accounting and or business analysis strong knowledge of gaap and cas financial reporting standards proficiency in excel and erp systems sap oracle netsuite excel lent analytical problem solving and communication skills what we offer competitive salary and benefits package opportunities for professional growth and development collaborative and supportive work environment
商业分析师,高薪岗位,商业分析师,商业分析师 【岗位职责】 1. 深度绑定销售运营团队，聚焦销售运营全流程，搭建销售运营核心数据监控体系，跟踪业绩、转化、线索、人效等关键指标，及时捕捉数据异动并分析原因； 2. 深挖销售运营业务痛点，通过专题分析、调研等方式，输出有价值的分析结论及可落地的优化方案，助力销售效率提升、业绩达成； 3. 协助销售运营团队制定年度目标，拆解核心指标，搭建目标追踪与管理机制，同步做好预算相关支撑，保障目标有序推进； 4. 拉通销售、运营、市场等多部门资源，推动分析方案及优化策略高效落地，形成从分析到落地的闭环，适配多任务并行场景； 5. 跟踪销售运营策略落地效果，持续迭代分析方法，沉淀业务经验，为销售运营团队日常决策提供精准数据支撑。 【岗位基本需求】 1. 统招本科及以上学历，统计学、数学、经济学、工商管理等相关专业优先； 2. 1-3年商业分析、经营分析、销售运营分析相关经验，互联网、企业服务行业背景优先，接受有潜力、愿意深耕销售运营BP领域的新人； 3. 具备扎实的数据分析能力，熟练使用SQL、Excel、Python，能独立完成数据提取、处理及分析，了解数据可视化工具者优先； 4. 逻辑思维清晰，结构化思考能力强，能快速理解销售运营业务，精准挖掘业务问题、洞察业务机会； 5. 抗压能力强、结果导向，自驱力足，具备良好的跨团队沟通协作能力，能推动跨部门项目合作共同拿结果； 6. 学习能力强、韧性足，有好奇心，能快速适应业务变化，从多领域汲取经验并应用于工作。 【岗位亮点】 1. 核心销售运营BP定位，直接对接销售运营核心业务，分析成果直接影响业务效率与业绩增长，业务影响力及工作成就感强； 2. 1-3年经验精准适配，搭建完善的成长路径，伴随销售运营业务成长，快速提升商业分析与业务落地能力，潜力空间大； 3. 团队专业氛围浓厚，跨部门协作顺畅，可全面接触销售运营全流程，拓宽商业视野，适合对商业思考、业务落地感兴趣的同学。,"['商业', '分析师', '深度', '绑定', '销售', '运营', '聚焦', '销售', '运营', '流程', '搭建', '销售', '运营', '核心', '数据', '监控', '体系', '跟踪', '业绩', '转化', '线索', '人效', '关键', '指标', '捕捉', '数据', '异动', '分析', '原因', '深挖', '销售', '运营', '业务', '痛点', '专题', '分析', '调研', '方式', '输出', '价值', '分析', '结论', '落地', '优化', '方案', '助力', '销售', '效率', '提升', '业绩', '达成', '销售', '运营', '制定', '年度', '目标', '拆解', '核心', '指标', '搭建', '目标', '追踪', '管理机制', '同步', '做好', '预算', '支撑', '保障', '目标', '有序', '拉通', '销售', '运营', '市场', '资源', '推动', '分析', '方案', '优化', '策略', '高效', '落地', '分析', '落地', '闭环', '适配', '多任务', '并行', '场景', '跟踪', '销售', '运营', '策略', '落地', '效果', '持续', '迭代', '分析方法', '沉淀', '业务', '销售', '运营', '决策', '精准', '数据', '支撑', '需求', '统招', '统计学', '数学', '经济学', '工商管理', '商业', '分析', '经营', '分析', '销售', '运营', '分析', '互联网', '企业', '服务行业', '背景', '接受', '潜力', '深耕', '销售', '运营', 'bp', '领域', '新人', '扎实', '数据分析', 'sql', 'excel', 'python', '独立', '数据', '提取', '分析', '数据可视化', '逻辑思维', '清晰', '结构化', '思考', '快速', '理解', '销售', '运营', '业务', '精准', '挖掘', '业务', '洞察', '业务', '机会', '抗压', '导向', '自驱力', '协作', '推动', '跨部门', '项目', '合作', '韧性', '好奇心', '快速', '业务', '变化', '领域', '汲取', '亮点', '核心', '销售', '运营', 'bp', '定位', '对接', '销售', '运营', '核心', '业务', '分析', '成果', '影响', '业务', '效率', '业绩', '增长', '业务', '影响力', '成就感', '精准', '适配', '搭建', '完善', '成长', '路径', '伴随', '销售', '运营', '业务', '成长', '快速', '提升', '商业', '分析', '业务', '落地', '潜力', '空间', '氛围', '浓厚', '跨部门', '协作', '顺畅', '接触', '销售', '运营', '流程', '拓宽', '商业', '视野', '适合', '商业', '思考', '业务', '落地', '感兴趣', '同学']",商业 分析师 深度 绑定 销售 运营 聚焦 销售 运营 流程 搭建 销售 运营 核心 数据 监控 体系 跟踪 业绩 转化 线索 人效 关键 指标 捕捉 数据 异动 分析 原因 深挖 销售 运营 业务 痛点 专题 分析 调研 方式 输出 价值 分析 结论 落地 优化 方案 助力 销售 效率 提升 业绩 达成 销售 运营 制定 年度 目标 拆解 核心 指标 搭建 目标 追踪 管理机制 同步 做好 预算 支撑 保障 目标 有序 拉通 销售 运营 市场 资源 推动 分析 方案 优化 策略 高效 落地 分析 落地 闭环 适配 多任务 并行 场景 跟踪 销售 运营 策略 落地 效果 持续 迭代 分析方法 沉淀 业务 销售 运营 决策 精准 数据 支撑 需求 统招 统计学 数学 经济学 工商管理 商业 分析 经营 分析 销售 运营 分析 互联网 企业 服务行业 背景 接受 潜力 深耕 销售 运营 bp 领域 新人 扎实 数据分析 sql excel python 独立 数据 提取 分析 数据可视化 逻辑思维 清晰 结构化 思考 快速 理解 销售 运营 业务 精准 挖掘 业务 洞察 业务 机会 抗压 导向 自驱力 协作 推动 跨部门 项目 合作 韧性 好奇心 快速 业务 变化 领域 汲取 亮点 核心 销售 运营 bp 定位 对接 销售 运营 核心 业务 分析 成果 影响 业务 效率 业绩 增长 业务 影响力 成就感 精准 适配 搭建 完善 成长 路径 伴随 销售 运营 业务 成长 快速 提升 商业 分析 业务 落地 潜力 空间 氛围 浓厚 跨部门 协作 顺畅 接触 销售 运营 流程 拓宽 商业 视野 适合 商业 思考 业务 落地 感兴趣 同学
商业分析师,非高薪岗位,经营分析师/商业分析师,"经营分析师/商业分析师 岗位职责： 1.负责公司及各阿米巴单元的定期经营分析，监控收入、利润、单位时间附加价值等核心核算指标，精准识别业务趋势、风险与增长机会； 2.针对销售波动、成本超支、效率瓶颈等经营问题，开展根因分析，提供数据驱动的解决方案，并推动闭环落地。 3.支持新项目、新市场的可行性分析及投入产出评估，为资源配置提供决策依据。 4.构建收入、需求等业务预测模型，支持公司年度预算、滚动预测及各阿米巴的年度计划编制。 5.沉淀经营分析的方法论、工具与模板，通过培训与协同，赋能业务团队（尤其是各巴长）的数据应用与自主经营能力。 任职资格： 1.经验与认知：本科及以上学历，2年以上商业分析、经营分析或财务管理经验。必须具备1年以上阿米巴经营核算或经营管理实践经验，深刻理解其会计逻辑、组织划分与业绩改善哲学。 2.硬技能：精通Excel（函数、透视表、图表），能高效处理与分析数据；熟练掌握至少一种数据可视化工具（如Power BI, Tableau）；具备良好的数据敏感度和基本的统计学知识。 3.软实力：拥有出色的逻辑思维与结构化解决问题的能力；能独立撰写并向管理层呈现清晰、有说服力的分析报告；具备优秀的跨部门沟通与项目推动能力。","['经营', '分析师', '商业', '分析师', '阿米巴', '单元', '定期', '经营', '分析', '监控', '收入', '利润', '单位', '时间', '附加', '价值', '核心', '核算', '指标', '精准', '识别', '业务', '趋势', '风险', '增长', '机会', '销售', '波动', '成本', '超支', '效率', '瓶颈', '经营', '根因', '分析', '提供数据', '驱动', '解决方案', '推动', '闭环', '落地', '项目', '市场', '可行性', '分析', '投入产出', '评估', '资源配置', '决策依据', '构建', '收入', '需求', '业务', '预测', '模型', '年度预算', '滚动', '预测', '阿米巴', '年度', '计划编制', '沉淀', '经营', '分析', '方法论', '模板', '通过培训', '赋能', '业务', '各巴长', '数据', '自主经营', '资格', '认知', '商业', '分析', '经营', '分析', '财务管理', '阿米巴', '经营', '核算', '经营', '管理', '实践经验', '深刻理解', '会计', '逻辑', '组织', '划分', '业绩', '改善', '哲学', '技能', '精通', 'excel', '函数', '透视', '图表', '高效', '分析', '数据', '至少', '一种', '数据可视化', 'powerbi', 'tableau', '数据', '敏感度', '统计学', '知识', '实力', '拥有', '出色', '逻辑思维', '结构化', '解决问题', '独立', '撰写', '管理层', '呈现', '清晰', '说服力', '分析报告', '跨部门', '项目', '推动']",经营 分析师 商业 分析师 阿米巴 单元 定期 经营 分析 监控 收入 利润 单位 时间 附加 价值 核心 核算 指标 精准 识别 业务 趋势 风险 增长 机会 销售 波动 成本 超支 效率 瓶颈 经营 根因 分析 提供数据 驱动 解决方案 推动 闭环 落地 项目 市场 可行性 分析 投入产出 评估 资源配置 决策依据 构建 收入 需求 业务 预测 模型 年度预算 滚动 预测 阿米巴 年度 计划编制 沉淀 经营 分析 方法论 模板 通过培训 赋能 业务 各巴长 数据 自主经营 资格 认知 商业 分析 经营 分析 财务管理 阿米巴 经营 核算 经营 管理 实践经验 深刻理解 会计 逻辑 组织 划分 业绩 改善 哲学 技能 精通 excel 函数 透视 图表 高效 分析 数据 至少 一种 数据可视化 powerbi tableau 数据 敏感度 统计学 知识 实力 拥有 出色 逻辑思维 结构化 解决问题 独立 撰写 管理层 呈现 清晰 说服力 分析报告 跨部门 项目 推动
商业分析师,高薪岗位,经营分析师/商业分析师,经营分析师/商业分析师 作为商业分析师，为商业产品团队（例如：职位发布、智能匹配、在线简历、增值服务等），负责从数据中挖掘洞察，评估产品表现，并驱动关键商业决策。为理解用户行为、优化产品体验、提升平台商业价值的提供有力数据支持。 主要职责 数据分析与洞察： 对平台核心商业产品进行深度数据分析，监控关键指标（如：收入、转化率、留存率、客户LTV等），及时发现异常并定位原因。 通过用户分群、漏斗分析、路径分析等方法，深度理解B端（企业）和C端（求职者）用户行为，为产品优化提供数据支持。 专题研究： 独立负责专项数据分析项目，例如：新功能上线A/B实验的设计、评估与复盘；用户流失原因分析；定价策略效果评估；市场需求与竞争格局研究。 策略支持： 与产品经理、运营和业务团队紧密合作，将数据分析结果转化为可落地的产品策略、运营方案和商业机会。 构建数据模型，对业务发展趋势进行预测，为团队制定季度/年度目标提供数据依据。 数据可视化与报告： 设计并开发自动化数据看板和报告，确保相关团队能够便捷、直观地获取关键业务信息，提升数据驱动决策的效率。 任职要求 必备条件： 本科及以上学历，统计学、数学、计算机、经济学、信息管理等相关专业优先。 精通 SQL，具备从复杂数据结构中提取和整合数据的能力。熟悉窗口函数、性能优化者优先。 拥有1-3年互联网行业数据分析或商业分析项目经验，有完整的通过数据分析驱动业务改进的成功案例。 熟练使用至少一种数据分析工具（如：Python、R）进行数据清洗、分析和可视化。 具备出色的数据敏感度和逻辑分析能力，能够独立思考并解决复杂的商业问题。 优秀的沟通表达能力，能够清晰地与技术和非技术团队阐述分析过程和结论。 优先考虑： 有在线招聘、SaaS、电子商务或其他双边平台的数据分析经验。 熟悉常用的A/B测试理论和统计分析方法。 有使用Tableau、Power BI、Quick BI等数据可视化工具的经验。 对招聘行业和人力资源领域有浓厚兴趣和一定了解。,"['经营', '分析师', '商业', '分析师', '商业', '分析师', '商业', '产品', '发布', '智能', '匹配', '在线', '简历', '增值', '服务', '数据', '挖掘', '洞察', '评估', '产品', '表现', '驱动', '关键', '商业', '决策', '理解', '用户', '优化', '产品', '体验', '提升', '平台', '商业价值', '数据', '主要职责', '数据分析', '洞察', '平台', '核心', '商业', '产品', '深度', '数据分析', '监控', '关键', '指标', '收入', '转化率', '留存', '客户', 'ltv', '发现异常', '定位', '原因', '用户', '漏斗', '分析', '路径分析', '方法', '深度', '理解', 'b端', '企业', 'c端', '求职者', '用户', '产品', '优化', '提供数据', '专题研究', '独立', '专项', '数据分析', '项目', '功能', '上线', 'a', 'b', '实验', '设计', '评估', '复盘', '用户', '流失', '原因', '分析', '定价', '策略', '效果', '评估', '市场需求', '竞争', '格局', '研究', '策略', '产品', '经理', '运营', '业务', '紧密', '合作', '数据分析', '转化', '落地', '产品', '策略', '运营', '方案', '商业机会', '构建', '数据模型', '业务', '发展趋势', '预测', '制定', '季度', '年度', '目标', '提供数据', '数据可视化', '报告', '设计', '开发', '自动化', '数据', '看板', '报告', '确保', '便捷', '直观', '获取', '关键', '业务', '信息', '提升', '数据', '驱动', '决策', '效率', '必备条件', '统计学', '数学', '计算机', '经济学', '信息管理', '精通', 'sql', '数据结构', '提取', '整合', '数据', '窗口', '函数', '性能', '优化', '拥有', '互联网', '行业', '数据分析', '商业', '分析', '项目', '完整', '数据分析', '驱动', '业务', '改进', '成功', '案例', '至少', '一种', '数据分析', 'python', 'r', '数据', '清洗', '分析', '可视化', '出色', '数据', '敏感度', '逻辑', '分析', '独立思考', '解决', '商业', '表达能力', '清晰', '技术', '非技术', '阐述', '分析', '过程', '结论', '在线', '招聘', 'saas', '电子商务', '双边', '平台', '数据分析', '常用', 'ab测试', '理论', '统计分析', '方法', 'tableau', 'powerbi', 'quick', 'bi', '数据可视化', '招聘', '行业', '人力资源', '领域', '浓厚兴趣']",经营 分析师 商业 分析师 商业 分析师 商业 产品 发布 智能 匹配 在线 简历 增值 服务 数据 挖掘 洞察 评估 产品 表现 驱动 关键 商业 决策 理解 用户 优化 产品 体验 提升 平台 商业价值 数据 主要职责 数据分析 洞察 平台 核心 商业 产品 深度 数据分析 监控 关键 指标 收入 转化率 留存 客户 ltv 发现异常 定位 原因 用户 漏斗 分析 路径分析 方法 深度 理解 b端 企业 c端 求职者 用户 产品 优化 提供数据 专题研究 独立 专项 数据分析 项目 功能 上线 a b 实验 设计 评估 复盘 用户 流失 原因 分析 定价 策略 效果 评估 市场需求 竞争 格局 研究 策略 产品 经理 运营 业务 紧密 合作 数据分析 转化 落地 产品 策略 运营 方案 商业机会 构建 数据模型 业务 发展趋势 预测 制定 季度 年度 目标 提供数据 数据可视化 报告 设计 开发 自动化 数据 看板 报告 确保 便捷 直观 获取 关键 业务 信息 提升 数据 驱动 决策 效率 必备条件 统计学 数学 计算机 经济学 信息管理 精通 sql 数据结构 提取 整合 数据 窗口 函数 性能 优化 拥有 互联网 行业 数据分析 商业 分析 项目 完整 数据分析 驱动 业务 改进 成功 案例 至少 一种 数据分析 python r 数据 清洗 分析 可视化 出色 数据 敏感度 逻辑 分析 独立思考 解决 商业 表达能力 清晰 技术 非技术 阐述 分析 过程 结论 在线 招聘 saas 电子商务 双边 平台 数据分析 常用 ab测试 理论 统计分析 方法 tableau powerbi quick bi 数据可视化 招聘 行业 人力资源 领域 浓厚兴趣
商业分析师,非高薪岗位,经营分析师/商业分析师,"经营分析师/商业分析师 岗位职责： 1.负责公司及各阿米巴单元的定期经营分析，监控收入、利润、单位时间附加价值等核心核算指标，精准识别业务趋势、风险与增长机会； 2.针对销售波动、成本超支、效率瓶颈等经营问题，开展根因分析，提供数据驱动的解决方案，并推动闭环落地。 3.支持新项目、新市场的可行性分析及投入产出评估，为资源配置提供决策依据。 4.构建收入、需求等业务预测模型，支持公司年度预算、滚动预测及各阿米巴的年度计划编制。 5.沉淀经营分析的方法论、工具与模板，通过培训与协同，赋能业务团队（尤其是各巴长）的数据应用与自主经营能力。 任职资格： 1.经验与认知：本科及以上学历，2年以上商业分析、经营分析或财务管理经验。必须具备1年以上阿米巴经营核算或经营管理实践经验，深刻理解其会计逻辑、组织划分与业绩改善哲学。 2.硬技能：精通Excel（函数、透视表、图表），能高效处理与分析数据；熟练掌握至少一种数据可视化工具（如Power BI, Tableau）；具备良好的数据敏感度和基本的统计学知识。 3.软实力：拥有出色的逻辑思维与结构化解决问题的能力；能独立撰写并向管理层呈现清晰、有说服力的分析报告；具备优秀的跨部门沟通与项目推动能力。","['经营', '分析师', '商业', '分析师', '阿米巴', '单元', '定期', '经营', '分析', '监控', '收入', '利润', '单位', '时间', '附加', '价值', '核心', '核算', '指标', '精准', '识别', '业务', '趋势', '风险', '增长', '机会', '销售', '波动', '成本', '超支', '效率', '瓶颈', '经营', '根因', '分析', '提供数据', '驱动', '解决方案', '推动', '闭环', '落地', '项目', '市场', '可行性', '分析', '投入产出', '评估', '资源配置', '决策依据', '构建', '收入', '需求', '业务', '预测', '模型', '年度预算', '滚动', '预测', '阿米巴', '年度', '计划编制', '沉淀', '经营', '分析', '方法论', '模板', '通过培训', '赋能', '业务', '各巴长', '数据', '自主经营', '资格', '认知', '商业', '分析', '经营', '分析', '财务管理', '阿米巴', '经营', '核算', '经营', '管理', '实践经验', '深刻理解', '会计', '逻辑', '组织', '划分', '业绩', '改善', '哲学', '技能', '精通', 'excel', '函数', '透视', '图表', '高效', '分析', '数据', '至少', '一种', '数据可视化', 'powerbi', 'tableau', '数据', '敏感度', '统计学', '知识', '实力', '拥有', '出色', '逻辑思维', '结构化', '解决问题', '独立', '撰写', '管理层', '呈现', '清晰', '说服力', '分析报告', '跨部门', '项目', '推动']",经营 分析师 商业 分析师 阿米巴 单元 定期 经营 分析 监控 收入 利润 单位 时间 附加 价值 核心 核算 指标 精准 识别 业务 趋势 风险 增长 机会 销售 波动 成本 超支 效率 瓶颈 经营 根因 分析 提供数据 驱动 解决方案 推动 闭环 落地 项目 市场 可行性 分析 投入产出 评估 资源配置 决策依据 构建 收入 需求 业务 预测 模型 年度预算 滚动 预测 阿米巴 年度 计划编制 沉淀 经营 分析 方法论 模板 通过培训 赋能 业务 各巴长 数据 自主经营 资格 认知 商业 分析 经营 分析 财务管理 阿米巴 经营 核算 经营 管理 实践经验 深刻理解 会计 逻辑 组织 划分 业绩 改善 哲学 技能 精通 excel 函数 透视 图表 高效 分析 数据 至少 一种 数据可视化 powerbi tableau 数据 敏感度 统计学 知识 实力 拥有 出色 逻辑思维 结构化 解决问题 独立 撰写 管理层 呈现 清晰 说服力 分析报告 跨部门 项目 推动
商业分析师,高薪岗位,经营分析师/商业分析师,经营分析师/商业分析师 岗位职责 1. 负责整合内外部数据资源，包括公司经营数据、客户数据、行业数据等，进行清洗、建模与深度分析。 2. 聚焦核心业务开展专题分析，挖掘业务痛点与优化机会，输出数据洞察报告。 3. 参与搭建经营数据可视化看板，实现关键指标的实时监控与动态预警。 4. 对接业务部门需求，将数据分析结论转化为可落地的商业建议，推动数据驱动的业务决策与流程优化。 5. 跟踪分析方案的落地效果，持续迭代优化数据分析模型与方法，提升分析的精准度与价值。 任职要求 1. 本科及以上学历，统计学、数学、数据科学、金融学、工商管理等相关专业优先。 2. 具备强烈的数字敏感度与逻辑分析能力，能从复杂数据中提炼核心结论。 3. 熟练掌握SQL数据查询与提取，精通Excel（数据透视表、高级函数），会使用Tableau/Power BI等可视化工具者优先。 4. 具备良好的报告撰写与表达能力，能清晰传递数据分析结果，具备团队协作精神与快速学习能力。,"['经营', '分析师', '商业', '分析师', '整合', '内外部', '数据', '资源', '经营', '数据', '客户', '数据', '行业', '数据', '清洗', '建模', '深度', '分析', '聚焦', '核心', '业务', '专题', '分析', '挖掘', '业务', '痛点', '优化', '机会', '输出', '数据', '洞察', '报告', '搭建', '经营', '数据可视化', '关键', '指标', '实时', '监控', '动态', '预警', '对接', '业务部门', '需求', '数据分析', '结论', '转化', '落地', '商业', '建议', '推动', '数据', '驱动', '业务', '决策', '流程', '优化', '跟踪', '分析', '方案', '落地', '效果', '持续', '迭代', '优化', '数据分析', '模型', '方法', '提升', '分析', '精准度', '价值', '统计学', '数学', '数据', '科学', '金融学', '工商管理', '数字', '敏感度', '逻辑', '分析', '数据', '提炼', '核心', '结论', 'sql', '数据', '查询', '提取', '精通', 'excel', '数据', '透视', '高级', '函数', 'tableau', 'powerbi', '可视化', '报告', '撰写', '表达能力', '清晰', '传递', '数据分析', '协作', '精神', '快速']",经营 分析师 商业 分析师 整合 内外部 数据 资源 经营 数据 客户 数据 行业 数据 清洗 建模 深度 分析 聚焦 核心 业务 专题 分析 挖掘 业务 痛点 优化 机会 输出 数据 洞察 报告 搭建 经营 数据可视化 关键 指标 实时 监控 动态 预警 对接 业务部门 需求 数据分析 结论 转化 落地 商业 建议 推动 数据 驱动 业务 决策 流程 优化 跟踪 分析 方案 落地 效果 持续 迭代 优化 数据分析 模型 方法 提升 分析 精准度 价值 统计学 数学 数据 科学 金融学 工商管理 数字 敏感度 逻辑 分析 数据 提炼 核心 结论 sql 数据 查询 提取 精通 excel 数据 透视 高级 函数 tableau powerbi 可视化 报告 撰写 表达能力 清晰 传递 数据分析 协作 精神 快速
商业分析师,高薪岗位,商业分析师,商业分析师 岗位职责： 1. 负责收集、整理和分析公司业务数据，为管理层提供决策支持 2. 深入研究餐饮供应链市场趋势和竞争对手情况，制定相应策略 3. 参与公司业务流程优化，提出数据驱动的改进方案 4. 与各部门协作，推动数据分析结果在实际业务中的应用 5. 定期撰写数据分析报告，向管理层汇报业务进展和市场变化 岗位要求： 1. 本科及以上学历，统计学、数学、经济学、计算机等相关专业优先 2. 3年以上商业分析或数据分析相关工作经验 3. 熟练掌握SQL、Excel等数据分析工具，有Python或R语言经验者优先 4. 具备良好的逻辑思维能力和问题解决能力 5. 熟悉餐饮供应链行业者优先 6. 优秀的沟通能力和团队协作精神 7. 能够承受工作压力，有较强的执行力,"['商业', '分析师', '收集', '整理', '分析', '业务', '数据', '管理层', '决策', '深入研究', '餐饮', '供应链', '市场趋势', '竞争对手', '情况', '制定', '策略', '业务流程', '优化', '提出', '数据', '驱动', '改进', '方案', '协作', '推动', '数据分析', '业务', '定期', '撰写', '数据分析', '报告', '管理层', '汇报', '业务', '进展', '市场', '变化', '统计学', '数学', '经济学', '计算机', '商业', '分析', '数据分析', 'sql', 'excel', '数据分析', 'python', 'r', '逻辑思维', '解决', '餐饮', '供应链', '行业', '协作', '精神', '承受', '压力', '执行力']",商业 分析师 收集 整理 分析 业务 数据 管理层 决策 深入研究 餐饮 供应链 市场趋势 竞争对手 情况 制定 策略 业务流程 优化 提出 数据 驱动 改进 方案 协作 推动 数据分析 业务 定期 撰写 数据分析 报告 管理层 汇报 业务 进展 市场 变化 统计学 数学 经济学 计算机 商业 分析 数据分析 sql excel 数据分析 python r 逻辑思维 解决 餐饮 供应链 行业 协作 精神 承受 压力 执行力
商业分析师,非高薪岗位,商业分析师,商业分析师 岗位职责： 1、围绕公司战略、创新业务孵化，对人工智能及法律大模型领域技术趋势、模式创新等开展专项深度研究，多渠道整合行业、用户、竞对等数据，给出全景分析，识别潜在机会； 2、深度参与业务立项到探索、发展全过程，识别业务关键问题，输出有价值的业务洞见和策略，形成业务方案，促进业务商业成功； 3、体系化的支撑公司决策参考和业务布局落地。 任职要求： 1、硕士及以上学历，具备优秀的研究分析能力； 2、逻辑思维优秀，擅长结构化表达，能将复杂问题拆解成清晰框架； 3、具备技术理解力和深度洞察能力（AI、云计算等）。,"['商业', '分析师', '围绕', '战略', '创新', '业务', '孵化', '人工智能', '法律', '模型', '领域', '技术', '趋势', '模式', '创新', '专项', '深度', '研究', '多渠道', '整合', '行业', '用户', '竞对', '数据', '给出', '全景', '分析', '识别', '潜在', '机会', '深度', '业务', '立项', '探索', '发展', '全过程', '识别', '业务', '关键问题', '输出', '价值', '业务', '洞见', '策略', '业务', '方案', '业务', '商业', '成功', '体系化', '支撑', '决策', '参考', '业务', '布局', '落地', '研究', '分析', '逻辑思维', '擅长', '结构化', '拆解', '清晰', '框架', '技术', '理解力', '深度', '洞察', 'ai', '计算']",商业 分析师 围绕 战略 创新 业务 孵化 人工智能 法律 模型 领域 技术 趋势 模式 创新 专项 深度 研究 多渠道 整合 行业 用户 竞对 数据 给出 全景 分析 识别 潜在 机会 深度 业务 立项 探索 发展 全过程 识别 业务 关键问题 输出 价值 业务 洞见 策略 业务 方案 业务 商业 成功 体系化 支撑 决策 参考 业务 布局 落地 研究 分析 逻辑思维 擅长 结构化 拆解 清晰 框架 技术 理解力 深度 洞察 ai 计算
商业分析师,高薪岗位,商业分析师,商业分析师 岗位职责： 1. 负责公司业务数据的收集、整理和分析，为决策提供数据支持 2. 深入分析餐饮供应链市场趋势和竞争对手情况，识别业务机会和风险 3. 构建业务分析模型，评估业务策略的有效性并提出优化建议 4. 与各部门合作，推动数据驱动的决策文化 5. 定期输出分析报告，向管理层汇报关键发现和洞察 岗位要求： 1. 本科及以上学历，统计学、数学、计算机、经济学等相关专业优先 2. 3年以上商业分析或相关领域工作经验，有互联网或供应链行业经验者优先 3. 熟练掌握SQL、Excel等数据分析工具，了解Python、R等编程语言者加分 4. 具备良好的逻辑思维能力、沟通表达能力和问题解决能力 5. 对数据敏感，能够从复杂数据中提取有价值的信息和洞察,"['商业', '分析师', '业务', '数据', '收集', '整理', '分析', '决策', '提供数据', '深入分析', '餐饮', '供应链', '市场趋势', '竞争对手', '情况', '识别', '业务', '机会', '风险', '构建', '业务', '分析模型', '评估', '业务', '策略', '有效性', '提出', '优化', '建议', '合作', '推动', '数据', '驱动', '决策', '文化', '定期', '输出', '分析报告', '管理层', '汇报', '关键', '发现', '洞察', '统计学', '数学', '计算机', '经济学', '商业', '分析', '领域', '互联网', '供应链', '行业', 'sql', 'excel', '数据分析', 'python', 'r', '编程语言', '加分', '逻辑思维', '表达能力', '解决', '数据', '敏感', '数据', '提取', '价值', '信息', '洞察']",商业 分析师 业务 数据 收集 整理 分析 决策 提供数据 深入分析 餐饮 供应链 市场趋势 竞争对手 情况 识别 业务 机会 风险 构建 业务 分析模型 评估 业务 策略 有效性 提出 优化 建议 合作 推动 数据 驱动 决策 文化 定期 输出 分析报告 管理层 汇报 关键 发现 洞察 统计学 数学 计算机 经济学 商业 分析 领域 互联网 供应链 行业 sql excel 数据分析 python r 编程语言 加分 逻辑思维 表达能力 解决 数据 敏感 数据 提取 价值 信息 洞察
商业分析师,高薪岗位,经营分析师/商业分析师,经营分析师/商业分析师 岗位职责： 1. 对接研究业务经营中的实际问题或需求，分析评估业务增长发展的机会或引起问题的根因，并设计基于数据能力的解决方案。 2. 根据对于业务场景的理解，结合行业分析方法和模型，规划设计企业经营相关数据能力，并推动产研销团队完成建设落地。 3. 挖掘商分规划数据能力的应用场景，通过交付并跟踪业务在实际场景试验中的效果，验证数据能力价值并进行持续优化迭代。 4. 洞察数据价值，基于数据完成有挑战的开放性的研究课题，并联动业务建立联合落地专项，推动分析策略、研究成果的落地，并取得增长效果。 岗位基本要求： 1. 掌握数据分析的常用工具技能及分析模型，能够在大数据环境下开展分析研究工作。 2. 具有5年及以上相关工作经验，统计、数学、数据科学、信息类相关专业为佳。 3. 具备良好的沟通和组织协同能力，能够推动跨团队联合专题项目落地。 具备以下优先： 1.有用户画像、用户增长等方向的数据资产建设经验者优先。 2.具备应用算法建模能力解决商业分析问题者优先。,"['经营', '分析师', '商业', '分析师', '对接', '研究', '业务', '经营', '需求', '分析', '评估', '业务', '增长', '发展', '机会', '根因', '设计', '数据', '解决方案', '业务', '场景', '理解', '行业', '分析方法', '模型', '规划设计', '企业', '经营', '数据', '推动', '产研销', '建设', '落地', '挖掘', '商分', '规划', '数据', '场景', '交付', '跟踪', '业务', '场景', '试验', '效果', '验证', '数据', '价值', '持续', '优化', '迭代', '洞察', '数据', '价值', '数据', '挑战', '开放性', '研究课题', '联动', '业务', '建立', '联合', '落地', '专项', '推动', '分析', '策略', '研究成果', '落地', '增长', '效果', '数据分析', '常用工具', '技能', '分析模型', '数据', '环境', '分析', '研究', '统计', '数学', '数据', '科学', '信息', '为佳', '组织', '推动', '联合', '专题', '项目', '落地', '用户', '画像', '用户', '增长', '数据', '资产', '建设', '算法', '建模', '解决', '商业', '分析']",经营 分析师 商业 分析师 对接 研究 业务 经营 需求 分析 评估 业务 增长 发展 机会 根因 设计 数据 解决方案 业务 场景 理解 行业 分析方法 模型 规划设计 企业 经营 数据 推动 产研销 建设 落地 挖掘 商分 规划 数据 场景 交付 跟踪 业务 场景 试验 效果 验证 数据 价值 持续 优化 迭代 洞察 数据 价值 数据 挑战 开放性 研究课题 联动 业务 建立 联合 落地 专项 推动 分析 策略 研究成果 落地 增长 效果 数据分析 常用工具 技能 分析模型 数据 环境 分析 研究 统计 数学 数据 科学 信息 为佳 组织 推动 联合 专题 项目 落地 用户 画像 用户 增长 数据 资产 建设 算法 建模 解决 商业 分析
商业分析师,高薪岗位,高级商业分析师,"高级商业分析师 岗位职责： 1、基于对业务的深层洞察及数据分析，为业务部门提供策略分析和业务优化建议，持续改进运营效果，偏重商户策略及营销策略，增长； 2、对业务部门进行数据需求支持，营销体系及商户重点项目指标体系搭建，助力业务持续成长 3、通过数据，透视行业发展现状及机会，发掘公司增长机会点； 4、推动公司级项目运营并对推进效果评价及改进策略。 任职要求： 1、统计学、应用数学、计算机等相关专业优先，本科及以上学历，增长/品类/供应链分析经验 2、熟练使用SQL，熟练运用Excel、PowerBI等软件，有python使用经验优先 3、较强的数据敏感度，逻辑分析能力，2年以上工作经验，有互联网生鲜工作经验优先； 4、有责任心，良好的沟通能力,能承担一定的工作压力； 5、对业务的快速学习和融入能力","['高级', '商业', '分析师', '业务', '深层', '洞察', '数据分析', '业务部门', '策略', '分析', '业务', '优化', '建议', '持续', '改进', '运营', '效果', '偏重', '商户', '策略', '营销', '策略', '增长', '业务部门', '数据', '需求', '营销', '体系', '商户', '重点项目', '指标体系', '搭建', '助力', '业务', '持续', '成长', '数据', '透视', '行业', '发展', '现状及', '机会', '发掘', '增长', '机会', '推动', '项目', '运营', '效果', '评价', '改进', '策略', '统计学', '数学', '计算机', '增长', '品类', '供应链', '分析', 'sql', 'excel', 'powerbi', '软件', 'python', '数据', '敏感度', '逻辑', '分析', '互联网', '生鲜', '责任心', '承担', '压力', '业务', '快速', '融入']",高级 商业 分析师 业务 深层 洞察 数据分析 业务部门 策略 分析 业务 优化 建议 持续 改进 运营 效果 偏重 商户 策略 营销 策略 增长 业务部门 数据 需求 营销 体系 商户 重点项目 指标体系 搭建 助力 业务 持续 成长 数据 透视 行业 发展 现状及 机会 发掘 增长 机会 推动 项目 运营 效果 评价 改进 策略 统计学 数学 计算机 增长 品类 供应链 分析 sql excel powerbi 软件 python 数据 敏感度 逻辑 分析 互联网 生鲜 责任心 承担 压力 业务 快速 融入
商业分析师,高薪岗位,经营分析师/商业分析师,经营分析师/商业分析师 工作职责 1、深度挖掘目标用户的需求和痛点，掌握并构建公司数据资产的整体布局，整合内外部数据资源； 2、基于客户需求准确并高效响应，输出数字大屏、专题分析报告、行业场景总结等数据结论和材料； 3、持续总结、提炼并输出相关的分析报告，构建并维护相关案例和知识库，为商务团队赋能，助力数据合作项目的市场拓展和产品迭代； 4、基于业务及行业认知，主动挖掘并引导客户需求，持续探索各类数据产品。 任职资格 1、统计、数学、信息技术相关专业本科以上学历，1年以上数据分析相关经验，有咨询或行研经验的加分； 2、熟练使用sql、excel、可视化软件、AI工具等，良好的总结和写作能力，能独立编写商业数据分析报告； 3、熟悉市场洞察与行业研究的基本方法和工具，能快速完成必要的行业洞察； 4、良好的数据敏感度，能从海量数据提炼核心结果；有丰富的数据分析、挖掘、清洗和建模的经验； 5、良好的跨团队、部门沟通及推动能力，有强烈的主人翁意识，积极发扬团队合作精神。,"['经营', '分析师', '商业', '分析师', '职责', '深度', '挖掘', '目标', '用户', '需求', '痛点', '构建', '数据', '资产', '整体', '布局', '整合', '内外部', '数据', '资源', '客户', '需求', '准确', '高效', '响应', '输出', '数字', '大屏', '专题', '分析报告', '行业', '场景', '数据', '结论', '材料', '持续', '提炼', '输出', '分析报告', '构建', '维护', '案例', '知识库', '商务', '赋能', '助力', '数据', '合作项目', '市场', '拓展', '产品', '迭代', '业务', '行业', '认知', '主动', '挖掘', '引导', '客户', '需求', '持续', '探索', '各类', '数据', '产品', '资格', '统计', '数学', '信息技术', '数据分析', '咨询', '行研', '加分', 'sql', 'excel', '可视化', '软件', 'ai', '写作能力', '独立', '编写', '商业', '数据分析', '报告', '市场', '洞察', '行业', '研究', '方法', '快速', '行业', '洞察', '数据', '敏感度', '海量', '数据', '提炼', '核心', '数据分析', '挖掘', '清洗', '建模', '推动', '主人翁', '意识', '发扬', '合作', '精神']",经营 分析师 商业 分析师 职责 深度 挖掘 目标 用户 需求 痛点 构建 数据 资产 整体 布局 整合 内外部 数据 资源 客户 需求 准确 高效 响应 输出 数字 大屏 专题 分析报告 行业 场景 数据 结论 材料 持续 提炼 输出 分析报告 构建 维护 案例 知识库 商务 赋能 助力 数据 合作项目 市场 拓展 产品 迭代 业务 行业 认知 主动 挖掘 引导 客户 需求 持续 探索 各类 数据 产品 资格 统计 数学 信息技术 数据分析 咨询 行研 加分 sql excel 可视化 软件 ai 写作能力 独立 编写 商业 数据分析 报告 市场 洞察 行业 研究 方法 快速 行业 洞察 数据 敏感度 海量 数据 提炼 核心 数据分析 挖掘 清洗 建模 推动 主人翁 意识 发扬 合作 精神
