keyword,lda_text,lda_tokens,lda_text_cut
数据分析师,"岗位职责： 1、数据清洗与治理： ①负责公司核心业务系统内部数据的全面清洗、校验和标准化工作，识别并处理数据中的缺失、错误与不一致问题。 ②建立和维护长效的数据清洗规则、流程与质量标准，提升核心数据资产的准确性与可用性。 2、模型开发与自动化： ①设计并开发数据清洗、分类与打标模型，利用规则引擎与机器学习算法，实现关键业务数据的智能归类与信息提取。 ②应用自然语言处理（NLP）等技术，对非结构化文本数据进行智能解析，挖掘深层信息。 ③构建数据质量监控与异常检测模型，实现数据问题的主动发现与预警。 3、数据价值挖掘与分析： ①基于治理后的高质量数据，进行深度分析与挖掘，揭示业务规律、风险点和优化机会。 ②通过建立数据分析模型，为业务决策、产品优化、风险管控等提供量化依据与数据支持。 4、数据产品与报告： ①开发可视化的数据看板与自动化报告，持续监控数据健康度并赋能业务团队。 ②将核心数据模型与分析方法沉淀为可复用的数据工具或服务。 任职要求： 1、编程与工具： 熟练掌握 Python 进行数据清洗、分析和建模，精通 Pandas, NumPy, Scikit-learn 等核心库。 熟练使用 SQL，能够进行复杂的数据处理与提取。 具备使用数据可视化工具（如 Tableau, Power BI）的能力。 2、数据建模能力： 具备扎实的数据挖掘和机器学习知识，有实际的数据分类、聚类、自然语言处理（NLP）等项目经验。 熟悉模型构建的全流程，包括特征工程、模型训练、评估与优化。 3、数据敏感度： 对数据有高度的敏感性和严谨性，具备优秀的数据清洗和质量控制能力。 4、加分项： 有处理复杂B端业务系统数据（如供应链、ERP、CRM等）经验者优先。 具备大数据处理经验（如 Spark）者优先。 5、综合素质： 具备优秀的逻辑分析能力和系统性解决问题的能力。 具有良好的沟通能力和团队协作精神，能够将复杂的技术问题转化为清晰的业务语言。 对工作认真负责，有强烈的自驱力，乐于探索数据背后的业务价值。","['数据', '清洗', '治理', '核心', '业务', '系统', '内部', '数据', '清洗', '校验', '标准化', '识别', '数据', '缺失', '错误', '建立', '维护', '长效', '数据', '清洗', '规则', '流程', '质量标准', '提升', '核心', '数据', '资产', '准确性', '可用性', '模型', '开发', '自动化', '设计', '开发', '数据', '清洗', '分类', '打标', '模型', '利用', '规则', '引擎', '机器学习', '算法', '关键', '业务', '数据', '智能', '归类', '信息提取', '自然语言', 'nlp', '技术', '对非', '结构化', '文本', '数据', '智能', '解析', '挖掘', '深层', '信息', '构建', '数据', '质量', '监控', '异常', '检测', '模型', '数据', '主动', '发现', '预警', '数据', '价值', '挖掘', '分析', '治理', '高质量', '数据', '深度', '分析', '挖掘', '揭示', '业务', '规律', '风险', '优化', '机会', '建立', '数据分析', '模型', '业务', '决策', '产品', '优化', '风险', '管控', '量化', '数据', '数据', '产品', '报告', '开发', '可视化', '数据', '看板', '自动化', '报告', '持续', '监控', '数据', '健康', '赋能', '业务', '核心', '数据模型', '分析方法', '沉淀', '复用', '数据', '服务', '编程', 'python', '数据', '清洗', '分析', '建模', '精通', 'pandas', 'numpy', 'scikitlearn', '核心', 'sql', '数据处理', '提取', '数据可视化', 'tableau', 'powerbi', '数据建模', '扎实', '数据挖掘', '机器学习', '知识', '数据', '分类', '聚类', '自然语言', 'nlp', '项目', '模型', '构建', '流程', '包括', '特征', '工程', '模型', '训练', '评估', '优化', '数据', '敏感度', '数据', '高度', '敏感性', '严谨性', '优秀', '数据', '清洗', '质量', '控制能力', '分项', 'b端', '业务', '系统', '数据', '供应链', 'erp', 'crm', '数据处理', 'spark', '综合', '素质', '优秀', '逻辑', '分析', '系统性', '解决问题', '协作', '精神', '技术', '转化', '清晰', '业务', '语言', '认真负责', '自驱力', '乐于', '探索', '数据', '背后', '业务', '价值']",数据 清洗 治理 核心 业务 系统 内部 数据 清洗 校验 标准化 识别 数据 缺失 错误 建立 维护 长效 数据 清洗 规则 流程 质量标准 提升 核心 数据 资产 准确性 可用性 模型 开发 自动化 设计 开发 数据 清洗 分类 打标 模型 利用 规则 引擎 机器学习 算法 关键 业务 数据 智能 归类 信息提取 自然语言 nlp 技术 对非 结构化 文本 数据 智能 解析 挖掘 深层 信息 构建 数据 质量 监控 异常 检测 模型 数据 主动 发现 预警 数据 价值 挖掘 分析 治理 高质量 数据 深度 分析 挖掘 揭示 业务 规律 风险 优化 机会 建立 数据分析 模型 业务 决策 产品 优化 风险 管控 量化 数据 数据 产品 报告 开发 可视化 数据 看板 自动化 报告 持续 监控 数据 健康 赋能 业务 核心 数据模型 分析方法 沉淀 复用 数据 服务 编程 python 数据 清洗 分析 建模 精通 pandas numpy scikitlearn 核心 sql 数据处理 提取 数据可视化 tableau powerbi 数据建模 扎实 数据挖掘 机器学习 知识 数据 分类 聚类 自然语言 nlp 项目 模型 构建 流程 包括 特征 工程 模型 训练 评估 优化 数据 敏感度 数据 高度 敏感性 严谨性 优秀 数据 清洗 质量 控制能力 分项 b端 业务 系统 数据 供应链 erp crm 数据处理 spark 综合 素质 优秀 逻辑 分析 系统性 解决问题 协作 精神 技术 转化 清晰 业务 语言 认真负责 自驱力 乐于 探索 数据 背后 业务 价值
数据分析师,岗位职责： 1、深入理解业务，与产品研发配合，进行数据治理，高效为业务提供数据支持； 2、通过数据分析，驱动产品及运营优化； 3、能主动发现和识别业务问题，结合业务目标构建分析模型，为产品数据化运营提供解决方案。 任职要求: 1、统计学、数学、计算机等理工科专业； 2、熟练使用Python、SQL、Shell、Excel等数据处理分析工具； 3、熟悉 Python 科学计算类工具库，NumPy、Pandas； 3、对数据敏感，逻辑思维缜密，总结及表达能力好； 4、学习能力好，抗压能力强，能快速学习接受新事物。 职位福利：五险一金、周末双休、大牛带队、定期体检、节日福利,"['理解', '业务', '产品', '研发', '数据', '治理', '高效', '业务', '提供数据', '数据分析', '驱动', '产品', '运营', '优化', '主动', '发现', '识别', '业务', '业务', '目标', '构建', '分析模型', '产品', '数据', '运营', '解决方案', '统计学', '数学', '计算机', '理工科', 'python', 'sql', 'shell', 'excel', '数据处理', '分析', 'python', '科学计算', 'numpy', 'pandas', '数据', '敏感', '逻辑思维', '缜密', '表达能力', '抗压', '快速', '接受', '事物', '大牛', '带队', '定期', '节日']",理解 业务 产品 研发 数据 治理 高效 业务 提供数据 数据分析 驱动 产品 运营 优化 主动 发现 识别 业务 业务 目标 构建 分析模型 产品 数据 运营 解决方案 统计学 数学 计算机 理工科 python sql shell excel 数据处理 分析 python 科学计算 numpy pandas 数据 敏感 逻辑思维 缜密 表达能力 抗压 快速 接受 事物 大牛 带队 定期 节日
数据分析师,岗位职责 1. 参与宏观经济、政策评估等模型的开发与迭代，完成政务数据的深度挖掘与专题分析。 2. 协助数据分析流程的落地与优化，独立完成数据清洗、特征工程及可视化报告输出。 3. 协同业务部门，将政策需求转化为数据分析目标，产出决策支持建议与数据产品。 4. 跟进前沿分析方法的应用，参与数据产品规划，并协助团队知识沉淀与能力提升。 5. 负责团队建设、人才培养，建立高效、规范的政务数据分析工作流程与质量标准。 任职要求 1. 经济学、统计学、计算机等相关专业本科及以上学历。 2. 5年以上数据分析 与算法 经验， 其中至少2年团队管理经验 ;具备政务、经济或金融领域项目经验者优先。 3. 精通Python/SQL，熟练使用主流可视化工具，具备扎实的建模与数据分析能力。 4. 逻辑清晰，具备优秀的数据解读、跨部门沟通能力与自主学习意识。 5. 责任心强，具备良好的抗压能力、团队协作精神及保密意识。 我们提供： 参与塑造智慧城市核心数据能力的宝贵机会。 与政府高层决策者直接对话、发挥影响力的平台。 具有竞争力的薪酬福利和职业发展通道。 稳定、规范且富有社会价值的工作环境。,"['宏观经济', '政策', '评估', '模型', '开发', '迭代', '政务', '数据', '深度', '挖掘', '专题', '分析', '数据分析', '流程', '落地', '优化', '独立', '数据', '清洗', '特征', '工程', '可视化', '报告', '输出', '业务部门', '政策', '需求', '转化', '数据分析', '目标', '产出', '决策', '建议', '数据', '产品', '前沿', '分析方法', '数据', '产品', '规划', '知识', '沉淀', '提升', '建设', '人才培养', '建立', '高效', '规范', '政务', '数据分析', '流程', '质量标准', '经济学', '统计学', '计算机', '专业本科', '数据分析', '算法', '至少', '管理', '政务', '经济', '金融', '领域', '项目', '精通', 'python', 'sql', '主流', '可视化', '扎实', '建模', '数据分析', '逻辑', '清晰', '优秀', '数据', '解读', '跨部门', '自主', '意识', '责任心', '抗压', '协作', '精神', '保密', '意识', '塑造', '智慧', '城市核心', '数据', '宝贵机会', '政府', '高层', '决策者', '直接对话', '发挥', '影响力', '平台', '竞争力', '薪酬', '职业', '发展', '通道', '稳定', '规范', '富有', '社会', '价值', '环境']",宏观经济 政策 评估 模型 开发 迭代 政务 数据 深度 挖掘 专题 分析 数据分析 流程 落地 优化 独立 数据 清洗 特征 工程 可视化 报告 输出 业务部门 政策 需求 转化 数据分析 目标 产出 决策 建议 数据 产品 前沿 分析方法 数据 产品 规划 知识 沉淀 提升 建设 人才培养 建立 高效 规范 政务 数据分析 流程 质量标准 经济学 统计学 计算机 专业本科 数据分析 算法 至少 管理 政务 经济 金融 领域 项目 精通 python sql 主流 可视化 扎实 建模 数据分析 逻辑 清晰 优秀 数据 解读 跨部门 自主 意识 责任心 抗压 协作 精神 保密 意识 塑造 智慧 城市核心 数据 宝贵机会 政府 高层 决策者 直接对话 发挥 影响力 平台 竞争力 薪酬 职业 发展 通道 稳定 规范 富有 社会 价值 环境
数据分析师,依据业务需求及目标，用专业的数据分析能力帮助客户解决业务问题、挖掘数据价值，助力客户数据 价值释放，包括数据处理、分析建模、数据挖掘、数据分析报告编写等相关工作。 我们需要您： 1.了解 GPT，熟练使用者优先录用; 2.了解数据分析建模整个流程，掌握基础统计分析算法，熟悉主流的分类、聚类、时序数据预测等数 据挖掘算法及常见的 SQL 语句； 3.能将业务需求转为数据需求，熟练使用 Python 构建算法模型，了解 R、SAS、SPSS 等分析工具构建 挖掘分析场景； 4.较好的沟通表达、学习和理解能力，能够快速理解团队小伙伴的想法、客户的业务痛点。 假若： 您是统招硕士学历，数学与应用数学、计算机、自动化、模式识别、智能系统、统计学、数据挖掘等 专业/研究方向，愿意“用数据分析思维及技术帮助客户创造更大价值”，欢迎加入！,"['业务', '需求', '目标', '数据分析', '客户', '解决', '业务', '挖掘', '数据', '价值', '助力', '客户', '数据', '价值', '释放', '包括', '数据处理', '分析', '建模', '数据挖掘', '数据分析', '报告', '编写', 'gpt', '使用者', '录用', '数据分析', '建模', '流程', '基础', '统计分析', '算法', '主流', '分类', '聚类', '时序', '数据', '预测', '等数', '挖掘', '算法', '常见', 'sql', '语句', '业务', '需求', '转为', '数据', '需求', 'python', '构建', '算法', '模型', 'r', 'sas', 'spss', '分析', '构建', '挖掘', '分析', '场景', '理解能力', '快速', '理解', '小伙伴', '想法', '客户', '业务', '痛点', '统招', '数学', '数学', '计算机', '自动化', '模式识别', '智能', '系统', '统计学', '数据挖掘', '研究', '方向', '数据分析', '思维', '技术', '客户', '创造', '更大', '价值']",业务 需求 目标 数据分析 客户 解决 业务 挖掘 数据 价值 助力 客户 数据 价值 释放 包括 数据处理 分析 建模 数据挖掘 数据分析 报告 编写 gpt 使用者 录用 数据分析 建模 流程 基础 统计分析 算法 主流 分类 聚类 时序 数据 预测 等数 挖掘 算法 常见 sql 语句 业务 需求 转为 数据 需求 python 构建 算法 模型 r sas spss 分析 构建 挖掘 分析 场景 理解能力 快速 理解 小伙伴 想法 客户 业务 痛点 统招 数学 数学 计算机 自动化 模式识别 智能 系统 统计学 数据挖掘 研究 方向 数据分析 思维 技术 客户 创造 更大 价值
数据分析师,1、岗位职责： 根据客户业务，进行需求搜集、调研，提供需求总结、调研报告，持续迭代； 定期进行专题分析、综合分析，撰写研究报告。 2、岗位要求： 国际关系相关专业优先； 硕士及以上学历； 热爱JS行业，BD背景优先； 优秀的数据收集分析和需求分析能力，长期关注热点新闻等； 较好的英文阅读能力和报告撰写能力； 较强的行业洞察能力和分析能力，具有较强的责任意识； 较强的沟通和协作能力，较强的表达和理解能力；； 欢迎优秀应届毕业生！,"['客户', '业务', '需求', '搜集', '调研', '需求', '调研', '报告', '持续', '迭代', '定期', '专题', '分析', '综合', '分析', '撰写', '研究', '报告', '国际', '关系', '热爱', 'js', '行业', 'bd', '背景', '优秀', '数据', '收集', '分析', '需求', '分析', '长期', '关注', '热点新闻', '英文', '阅读', '报告', '撰写', '行业', '洞察', '分析', '责任意识', '协作', '理解能力', '优秀', '应届', '毕业生']",客户 业务 需求 搜集 调研 需求 调研 报告 持续 迭代 定期 专题 分析 综合 分析 撰写 研究 报告 国际 关系 热爱 js 行业 bd 背景 优秀 数据 收集 分析 需求 分析 长期 关注 热点新闻 英文 阅读 报告 撰写 行业 洞察 分析 责任意识 协作 理解能力 优秀 应届 毕业生
数据分析师,岗位职责描述 1. 牵头宏观经济、微观经济预测归因等模型的开发与迭代，完成政务数据的深度挖掘与专题分析。 2. 协助数据分析流程的落地与优化，独立完成数据清洗、特征工程及可视化报告输出。 3. 协同业务部门，将政策需求转化为数据分析目标，产出决策支持建议与数据产品。 4. 跟进前沿分析方法的应用，参与数据产品规划，并协助团队知识沉淀与能力提升。 5. 负责团队建设、人才培养，建立高效、规范的政务数据分析工作流程与质量标准。 任职条件描述 1. 经济学、统计学、计算机等相关专业本科及以上学历。 2. 5年以上数据分析与算法经验，其中至少2年团队管理经验;具备政务、经济或金融领域项目经验者优先。 3. 精通Python/SQL，熟练使用主流可视化工具，具备扎实的建模与数据分析能力。 4. 逻辑清晰，具备优秀的数据解读、跨部门沟通能力与自主学习意识。 5. 责任心强，具备良好的抗压能力、团队协作精神及保密意识。,"['牵头', '宏观经济', '微观经济', '预测', '归因', '模型', '开发', '迭代', '政务', '数据', '深度', '挖掘', '专题', '分析', '数据分析', '流程', '落地', '优化', '独立', '数据', '清洗', '特征', '工程', '可视化', '报告', '输出', '业务部门', '政策', '需求', '转化', '数据分析', '目标', '产出', '决策', '建议', '数据', '产品', '前沿', '分析方法', '数据', '产品', '规划', '知识', '沉淀', '提升', '建设', '人才培养', '建立', '高效', '规范', '政务', '数据分析', '流程', '质量标准', '经济学', '统计学', '计算机', '专业本科', '数据分析', '算法', '至少', '管理', '政务', '经济', '金融', '领域', '项目', '精通', 'python', 'sql', '主流', '可视化', '扎实', '建模', '数据分析', '逻辑', '清晰', '优秀', '数据', '解读', '跨部门', '自主', '意识', '责任心', '抗压', '协作', '精神', '保密', '意识']",牵头 宏观经济 微观经济 预测 归因 模型 开发 迭代 政务 数据 深度 挖掘 专题 分析 数据分析 流程 落地 优化 独立 数据 清洗 特征 工程 可视化 报告 输出 业务部门 政策 需求 转化 数据分析 目标 产出 决策 建议 数据 产品 前沿 分析方法 数据 产品 规划 知识 沉淀 提升 建设 人才培养 建立 高效 规范 政务 数据分析 流程 质量标准 经济学 统计学 计算机 专业本科 数据分析 算法 至少 管理 政务 经济 金融 领域 项目 精通 python sql 主流 可视化 扎实 建模 数据分析 逻辑 清晰 优秀 数据 解读 跨部门 自主 意识 责任心 抗压 协作 精神 保密 意识
数据分析师,岗位职责 1. 负责银行内部业务报表的需求沟通、设计、开发与测试工作。 2. 使用SQL语言进行复杂数据查询、提取、清洗和加工，满足各类数据分析与报表需求。 3. 运用Java或Python等编程语言，开发和维护自动化报表生成工具与数据流程。 4. 与业务部门（如风控、财务、营销等）紧密合作，将业务需求转化为技术解决方案。 5. 确保报表数据的准确性、及时性和安全性，遵守银行数据治理规范。 6. 优化现有的报表系统和数据查询效率，提升数据处理性能。 任职要求 · 必备条件： · 本科及以上学历，计算机科学、信息技术、统计学、金融工程或相关专业。 · 熟练掌握SQL语言，具备优秀的数据库查询、优化能力，有使用Oracle、DB2、MySQL等一种或多种数据库的经验。 · 至少掌握Java或Python其中一门编程语言，并有实际项目开发经验。 · 具备良好的逻辑思维能力、数据分析能力和问题解决能力。 · 工作细致认真，有强烈的责任心和良好的团队协作精神。 · 优先考虑： · 有银行、保险、证券等金融机构相关工作经验者优先。 · 有报表开发、商业智能（BI）项目经验者优先（熟悉FineReport、Tableau、Power BI等报表工具者更佳）。 · 熟悉Linux操作系统常用命令，了解Shell脚本者优先。 · 了解数据仓库（如Hadoop、Hive）相关技术者优先。 我们期待您的加入！,"['银行', '内部', '业务', '报表', '需求', '设计', '开发', '测试', 'sql', '语言', '数据', '查询', '提取', '清洗', '加工', '各类', '数据分析', '报表', '需求', 'java', 'python', '编程语言', '开发', '维护', '自动化', '报表', '生成', '数据', '流程', '业务部门', '如风控', '财务', '营销', '紧密', '合作', '业务', '需求', '转化', '技术', '解决方案', '确保', '报表', '数据', '准确性', '及时性', '安全性', '遵守', '银行', '数据', '治理', '规范', '优化', '现有', '报表', '系统', '数据', '查询', '效率', '提升', '数据处理', '性能', '必备条件', '计算机科学', '信息技术', '统计学', '金融', '工程', 'sql', '语言', '优秀', '数据库', '查询', '优化', 'oracle', 'db2', 'mysql', '一种', '多种', '数据库', '至少', 'java', 'python', '一门', '编程语言', '项目', '开发', '逻辑思维', '数据分析', '解决', '细致', '责任心', '协作', '精神', '银行', '证券', '金融机构', '报表', '开发', '商业智能', 'bi', '项目', 'finereport', 'tableau', 'powerbi', '报表', '更佳', 'linux', '操作系统', '常用命令', 'shell', '脚本', '数据仓库', 'hadoop', 'hive', '技术', '期待']",银行 内部 业务 报表 需求 设计 开发 测试 sql 语言 数据 查询 提取 清洗 加工 各类 数据分析 报表 需求 java python 编程语言 开发 维护 自动化 报表 生成 数据 流程 业务部门 如风控 财务 营销 紧密 合作 业务 需求 转化 技术 解决方案 确保 报表 数据 准确性 及时性 安全性 遵守 银行 数据 治理 规范 优化 现有 报表 系统 数据 查询 效率 提升 数据处理 性能 必备条件 计算机科学 信息技术 统计学 金融 工程 sql 语言 优秀 数据库 查询 优化 oracle db2 mysql 一种 多种 数据库 至少 java python 一门 编程语言 项目 开发 逻辑思维 数据分析 解决 细致 责任心 协作 精神 银行 证券 金融机构 报表 开发 商业智能 bi 项目 finereport tableau powerbi 报表 更佳 linux 操作系统 常用命令 shell 脚本 数据仓库 hadoop hive 技术 期待
数据分析师,"工作职责： 1. 配合完成LLM相关的应用开发； 2. 配合完成数据分析、预测及相关方向的研究、开发； 3. 保持技术热情，时刻关注前沿技术和动向。 岗位要求： 1. 0-2年工作经验，接受应届生，理工科专业本科及以上学历； 2. 熟悉一门开发语言并能在工作中熟练使用（包括但不限于python, golang, typescript, c++） 3. 拥有良好的代码规范意识和基本的软件工程思想； 4. 了解数据库在生产环境的基本使用（包括但不限于MySQL, PostgreSQL, MongoDB, Redis, Elasticsearch）； 5. 了解LLM、prompt engineering开发或对之有浓厚的兴趣； 6. 了解docker，git等工具的基本使用； 7. 了解linux的基本命令； 8. 良好的自驱力和技术素养。","['职责', 'llm', '开发', '数据分析', '预测', '方向', '研究', '开发', '技术', '热情', '时刻', '关注', '前沿技术', '动向', '接受', '应届生', '理工科', '专业本科', '一门', '开发', '语言', '在工作中', '包括', '限于', 'python', 'golang', 'typescript', 'c++', '拥有', '代码', '规范', '意识', '软件工程', '思想', '数据库', '生产', '环境', '包括', '限于', 'mysql', 'postgresql', 'mongodb', 'redis', 'elasticsearch', 'llm', 'prompt', 'engineering', '开发', '浓厚', '兴趣', 'docker', 'git', 'linux', '命令', '自驱力', '技术', '素养']",职责 llm 开发 数据分析 预测 方向 研究 开发 技术 热情 时刻 关注 前沿技术 动向 接受 应届生 理工科 专业本科 一门 开发 语言 在工作中 包括 限于 python golang typescript c++ 拥有 代码 规范 意识 软件工程 思想 数据库 生产 环境 包括 限于 mysql postgresql mongodb redis elasticsearch llm prompt engineering 开发 浓厚 兴趣 docker git linux 命令 自驱力 技术 素养
数据分析师,岗位描述： 1、与政府统计、工信、科技、发改等部门进行沟通，对接客户经济运行监测分析需求，搭建经济运行分析架构；要求能够敏锐识别需求，能够甄别客户真需求及伪需求，能够精准把握客户痛点难点并迅速转化为分析框架； 2、负责地区经济数据、企业数据处理，搭建业务数据指标体系，对产业数据运行进行挖掘分析；能够快速响应客户需求，能够针对客户的问题快速提供精准的数据指标、报表等服务； 3、撰写地区经济运行、工业、商业及服务业运行分析报告，为地区经济运行管理决策提供支撑；能够围绕客户的KPI、痛点需求，基于坚实的数据分析提供高质量的报告，能够给客户带来强的获得感； 4、牵头组织课题研究，协调团队成员推进项目，指导小组成员开展咨询服务；具备很强的团队协作意识，具备快速学习能力。 任职条件描述 1、本科及以上学历，经济、统计、数学等相关专业；相关竞赛获奖优先录取； 2、有较好的文字功底，发表过文章的优先； 3、逻辑清晰，沟通表达能力强； 4、有过产业经济咨询研究项目经验优先； 5、数理能力强，会用大模型、Python、SPSS等统计分析工具优先。 1、与政府统计、工信、科技、发改等部门进行沟通，对接客户经济运行监测分析需求，搭建经济运行分析架构；要求能够敏锐识别需求，能够甄别客户真需求及伪需求，能够精准把握客户痛点难点并迅速转化为分析框架； 2、负责地区经济数据、企业数据处理，搭建业务数据指标体系，对产业数据运行进行挖掘分析；能够快速响应客户需求，能够针对客户的问题快速提供精准的数据指标、报表等服务； 3、撰写地区经济运行、工业、商业及服务业运行分析报告，为地区经济运行管理决策提供支撑；能够围绕客户的KPI、痛点需求，基于坚实的数据分析提供高质量的报告，能够给客户带来强的获得感； 4、牵头组织课题研究，协调团队成员推进项目，指导小组成员开展咨询服务；具备很强的团队协作意识，具备快速学习能力。 任职条件描述 1、本科及以上学历，经济、统计、数学等相关专业；相关竞赛获奖优先录取； 2、有较好的文字功底，发表过文章的优先； 3、逻辑清晰，沟通表达能力强； 4、有过产业经济咨询研究项目经验优先； 5、数理能力强，会用大模型、Python、SPSS等统计分析工具优先。,"['政府', '统计', '工信', '科技', '发改', '对接', '客户', '经济运行', '监测', '分析', '需求', '搭建', '经济运行', '分析', '架构', '敏锐', '识别', '需求', '甄别', '客户', '需求', '需求', '精准', '把握', '客户', '痛点', '难点', '转化', '分析', '框架', '地区', '经济', '数据', '企业', '数据处理', '搭建', '业务', '数据', '指标体系', '产业', '数据', '运行', '挖掘', '分析', '快速', '响应', '客户', '需求', '客户', '快速', '精准', '数据', '指标', '报表', '服务', '撰写', '地区', '经济运行', '工业', '商业', '服务业', '运行', '分析报告', '地区', '经济运行', '管理决策', '支撑', '围绕', '客户', 'kpi', '痛点', '需求', '坚实', '数据分析', '高质量', '报告', '客户', '带来', '牵头', '组织', '课题', '研究', '协调', '成员', '项目', '指导', '小组', '成员', '咨询服务', '很强', '协作', '意识', '快速', '经济', '统计', '数学', '竞赛', '获奖', '录取', '文字', '功底', '发表', '文章', '逻辑', '清晰', '表达能力', '有过', '产业', '经济', '咨询', '研究', '项目', '数理', '会用', '模型', 'python', 'spss', '统计分析', '政府', '统计', '工信', '科技', '发改', '对接', '客户', '经济运行', '监测', '分析', '需求', '搭建', '经济运行', '分析', '架构', '敏锐', '识别', '需求', '甄别', '客户', '需求', '需求', '精准', '把握', '客户', '痛点', '难点', '转化', '分析', '框架', '地区', '经济', '数据', '企业', '数据处理', '搭建', '业务', '数据', '指标体系', '产业', '数据', '运行', '挖掘', '分析', '快速', '响应', '客户', '需求', '客户', '快速', '精准', '数据', '指标', '报表', '服务', '撰写', '地区', '经济运行', '工业', '商业', '服务业', '运行', '分析报告', '地区', '经济运行', '管理决策', '支撑', '围绕', '客户', 'kpi', '痛点', '需求', '坚实', '数据分析', '高质量', '报告', '客户', '带来', '牵头', '组织', '课题', '研究', '协调', '成员', '项目', '指导', '小组', '成员', '咨询服务', '很强', '协作', '意识', '快速', '经济', '统计', '数学', '竞赛', '获奖', '录取', '文字', '功底', '发表', '文章', '逻辑', '清晰', '表达能力', '有过', '产业', '经济', '咨询', '研究', '项目', '数理', '会用', '模型', 'python', 'spss', '统计分析']",政府 统计 工信 科技 发改 对接 客户 经济运行 监测 分析 需求 搭建 经济运行 分析 架构 敏锐 识别 需求 甄别 客户 需求 需求 精准 把握 客户 痛点 难点 转化 分析 框架 地区 经济 数据 企业 数据处理 搭建 业务 数据 指标体系 产业 数据 运行 挖掘 分析 快速 响应 客户 需求 客户 快速 精准 数据 指标 报表 服务 撰写 地区 经济运行 工业 商业 服务业 运行 分析报告 地区 经济运行 管理决策 支撑 围绕 客户 kpi 痛点 需求 坚实 数据分析 高质量 报告 客户 带来 牵头 组织 课题 研究 协调 成员 项目 指导 小组 成员 咨询服务 很强 协作 意识 快速 经济 统计 数学 竞赛 获奖 录取 文字 功底 发表 文章 逻辑 清晰 表达能力 有过 产业 经济 咨询 研究 项目 数理 会用 模型 python spss 统计分析 政府 统计 工信 科技 发改 对接 客户 经济运行 监测 分析 需求 搭建 经济运行 分析 架构 敏锐 识别 需求 甄别 客户 需求 需求 精准 把握 客户 痛点 难点 转化 分析 框架 地区 经济 数据 企业 数据处理 搭建 业务 数据 指标体系 产业 数据 运行 挖掘 分析 快速 响应 客户 需求 客户 快速 精准 数据 指标 报表 服务 撰写 地区 经济运行 工业 商业 服务业 运行 分析报告 地区 经济运行 管理决策 支撑 围绕 客户 kpi 痛点 需求 坚实 数据分析 高质量 报告 客户 带来 牵头 组织 课题 研究 协调 成员 项目 指导 小组 成员 咨询服务 很强 协作 意识 快速 经济 统计 数学 竞赛 获奖 录取 文字 功底 发表 文章 逻辑 清晰 表达能力 有过 产业 经济 咨询 研究 项目 数理 会用 模型 python spss 统计分析
数据分析师,招聘岗位： 1、负责经济和社会统计调查数据建模，如产业园区经济指标预测、海洋经济判断建模、文化产业规模推算等； 2、负责经济和社会研究课题数据建模，如人口大数据建模、手机信令大数据建模、地理信息大数据建模等； 3、其他统计数据建模工作。 岗位要求： 1、普通高等院校硕士研究生学历并获得相应学位，统计学、经济学、社会学和数学专业优先； 2、掌握统计数据建模方法，熟练应用Ｒ、python等统计建模分析软件者优先； 3、具有良好的职业道德，诚实守信、踏实稳重、工作细心、责任心强，有团队协作精神。 职位福利：五险一金、绩效奖金、带薪年假、弹性工作、补充医疗保险、定期体检、员工旅游、高温补贴,"['招聘', '经济', '社会', '统计调查', '数据建模', '产业园', '经济指标', '预测', '海洋', '经济', '判断', '建模', '文化产业', '规模', '推算', '经济', '社会', '研究课题', '数据建模', '人口', '数据建模', '手机', '信令', '数据建模', '地理信息', '数据建模', '统计', '数据建模', '高等院校', '研究生', '学位', '统计学', '经济学', '社会学', '数学', '统计', '数据建模', '方法', 'r', 'python', '统计', '建模', '分析', '软件', '职业道德', '诚实', '守信', '踏实', '稳重', '细心', '责任心', '协作', '精神', '绩效奖金', '弹性', '补充', '医疗保险', '定期', '员工', '高温']",招聘 经济 社会 统计调查 数据建模 产业园 经济指标 预测 海洋 经济 判断 建模 文化产业 规模 推算 经济 社会 研究课题 数据建模 人口 数据建模 手机 信令 数据建模 地理信息 数据建模 统计 数据建模 高等院校 研究生 学位 统计学 经济学 社会学 数学 统计 数据建模 方法 r python 统计 建模 分析 软件 职业道德 诚实 守信 踏实 稳重 细心 责任心 协作 精神 绩效奖金 弹性 补充 医疗保险 定期 员工 高温
数据分析师,【地铁口│十三薪│免费工作餐│精品模式│自主研发产品│多项海外专利│一对一培训│定制职业发展│团队幸福感强】 岗位职责： 1. 深入调研目标市场，分析市场趋势与环境；多维度评估竞品动态； 2. 制定并执行销售策略与推广计划，根据数据变化灵活调整； 3. 定期分析销售与库存数据，优化库存周转率，确保安全库存； 4. 维护Amazon店铺健康运营，管控风险，确保各项指标达标。 任职要求： 1. 本科及以上学历，理科专业背景优先； 2. 熟练使用Excel，具备较强的数据分析能力和逻辑思维； 3. 英语CET-6或同等水平，能够流畅阅读英文资料； 4. 有1年以上相关工作经验；提供一对一导师带教。 我们的福利： 【社保五险】按国家规定 【员工旅游】每年1-2次旅游 【包工作餐】提供免费的工作餐 【生日福利】每年生日会收到美美的蛋糕以及大家的温馨祝福 【娱乐活动】各种娱乐、文体、聚餐、年会活动等您来参加 【传统佳节】每年的传统佳节都会收到大大的礼包 【加薪制度】每年年底有加薪机会。从不降薪！ 杭州总部地址：浙江省杭州市上城区丁桥金色大唐城3幢 武汉分部地址：湖北省武汉市洪山区书城路窝牛创意大厦（地铁8号线文昌路站C或D出口；出站步行5分钟内可到公司大楼）,"['地铁口', '十三', '免费', '工作餐', '精品', '模式', '自主', '研发', '产品', '多项', '海外', '专利', '一对一', '定制', '职业', '发展', '幸福感', '调研', '目标', '市场', '分析', '市场趋势', '环境', '多维度', '评估', '竞品', '动态', '制定', '销售策略', '推广', '计划', '数据', '变化', '灵活', '调整', '定期', '分析', '销售', '库存', '数据', '优化', '库存', '周转率', '确保安全', '库存', '维护', 'amazon', '店铺', '健康', '运营', '管控', '风险', '确保', '各项', '指标', '达标', '理科', '背景', 'excel', '数据分析', '逻辑思维', '英语', 'cet', '同等', '水平', '流畅', '阅读', '英文', '资料', '一对一', '导师', '带教', '社保', '国家', '员工', '工作餐', '免费', '工作餐', '生日', '生日会', '收到', '美美', '蛋糕', '温馨', '祝福', '娱乐活动', '娱乐', '文体', '聚餐', '年会', '活动', '参加', '传统', '佳节', '传统', '佳节', '收到', '大大的', '礼包', '加薪', '制度', '年底', '加薪', '机会', '降薪', '杭州', '总部', '地址', '浙江省', '杭州市', '城区', '丁桥', '金色', '大唐', '武汉', '分部', '地址', '湖北省', '武汉市', '洪山区', '书城', '路窝', '创意', '大厦', '地铁', '号线', '文昌', '路站', 'c', 'd', '出口', '出站', '步行', '分钟', '内可到', '大楼']",地铁口 十三 免费 工作餐 精品 模式 自主 研发 产品 多项 海外 专利 一对一 定制 职业 发展 幸福感 调研 目标 市场 分析 市场趋势 环境 多维度 评估 竞品 动态 制定 销售策略 推广 计划 数据 变化 灵活 调整 定期 分析 销售 库存 数据 优化 库存 周转率 确保安全 库存 维护 amazon 店铺 健康 运营 管控 风险 确保 各项 指标 达标 理科 背景 excel 数据分析 逻辑思维 英语 cet 同等 水平 流畅 阅读 英文 资料 一对一 导师 带教 社保 国家 员工 工作餐 免费 工作餐 生日 生日会 收到 美美 蛋糕 温馨 祝福 娱乐活动 娱乐 文体 聚餐 年会 活动 参加 传统 佳节 传统 佳节 收到 大大的 礼包 加薪 制度 年底 加薪 机会 降薪 杭州 总部 地址 浙江省 杭州市 城区 丁桥 金色 大唐 武汉 分部 地址 湖北省 武汉市 洪山区 书城 路窝 创意 大厦 地铁 号线 文昌 路站 c d 出口 出站 步行 分钟 内可到 大楼
数据分析师,岗位职责描述： 1、数据建模与量化分析。基于业务需求，负责海量数据的特征工程建设及量化建模，构建统计模型、机器学习等模型，输出深度挖掘的洞察内容，提供量化决策依据。 2、数据分析产品算法优化与迭代。对现有量化策略进行多维度验证，建立策略有效性评估体系，持续改进和创新策略，提高策略的实战适配性。 3、数据洞察可视化与专题分析。基于算法输出结果，开发专题看板、数据观点、数据主题表。 4、设计并搭建标准化、模块化的数据分析通用框架，覆盖数据接入、特征计算、模型训练、结果交付全流程，提升团队协作效率。 任职条件描述 1.专业背景： （1）数学、统计学、金融工程、计算机科学、商业分析等相关专业本科及以上学历； （2）熟悉Python/R/SQL等编程语言，具备扎实的算法基础。 2.经验能力： （1）3年及以上工作经验、1年以上量化分析或数据建模经验； （2）熟悉宏观经济、风险管理或企业评估优先； （3）逻辑清晰，具备独立解决问题及团队协作能力，能快速拆解复杂业务问题为可量化分析目标。 3.综合素质： （1）对数据敏感，善于挖掘数据价值； （2）学习能力及抗压能力强，适应快节奏工作环境。,"['数据建模', '量化', '分析', '业务', '需求', '海量', '数据', '特征', '工程建设', '量化', '建模', '构建', '统计', '模型', '机器学习', '模型', '输出', '深度', '挖掘', '洞察', '内容', '量化', '决策依据', '数据分析', '产品', '算法', '优化', '迭代', '现有', '量化', '策略', '多维度', '验证', '建立', '策略', '有效性', '评估', '体系', '持续', '改进', '创新', '策略', '提高', '策略', '实战', '适配', '数据', '洞察', '可视化', '专题', '分析', '算法', '输出', '开发', '专题', '数据', '观点', '数据', '主题', '设计', '搭建', '标准化', '模块化', '数据分析', '通用', '框架', '覆盖', '数据', '接入', '特征', '计算', '模型', '训练', '交付', '流程', '提升', '协作', '效率', '背景', '数学', '统计学', '金融', '工程', '计算机科学', '商业', '分析', '专业本科', 'python', 'r', 'sql', '编程语言', '扎实', '算法', '基础', '量化', '分析', '数据建模', '宏观经济', '风险管理', '企业', '评估', '逻辑', '清晰', '独立', '解决问题', '协作', '快速', '拆解', '业务', '量化', '分析', '目标', '综合', '素质', '数据', '敏感', '善于', '挖掘', '数据', '价值', '抗压', '快节奏', '环境']",数据建模 量化 分析 业务 需求 海量 数据 特征 工程建设 量化 建模 构建 统计 模型 机器学习 模型 输出 深度 挖掘 洞察 内容 量化 决策依据 数据分析 产品 算法 优化 迭代 现有 量化 策略 多维度 验证 建立 策略 有效性 评估 体系 持续 改进 创新 策略 提高 策略 实战 适配 数据 洞察 可视化 专题 分析 算法 输出 开发 专题 数据 观点 数据 主题 设计 搭建 标准化 模块化 数据分析 通用 框架 覆盖 数据 接入 特征 计算 模型 训练 交付 流程 提升 协作 效率 背景 数学 统计学 金融 工程 计算机科学 商业 分析 专业本科 python r sql 编程语言 扎实 算法 基础 量化 分析 数据建模 宏观经济 风险管理 企业 评估 逻辑 清晰 独立 解决问题 协作 快速 拆解 业务 量化 分析 目标 综合 素质 数据 敏感 善于 挖掘 数据 价值 抗压 快节奏 环境
数据分析师,"""1、数据方案管理：协助业务BA、业务SA方案进行数据解析，并对接相关数据管家。 2、数据需求管理：一方面承接业务SA的数据需求，负责日常区域数据需求申请、上会评审、跟进闭环。另一方面跟进一线用户的数据需求，协同相关干系人进行需求闭环。 3、数据运营：负责运营商IOC经营数据的运营，包含上线前测试、日常版本验证等，解答用户数据类问题。 4、数据相关方案运维：负责CNB页面数据及维度的配置和日常管理。 1、较强的数据处理能力、数据分析能力，能使用EXCEL写公式处理数据；熟练使用POWER BI\TABLEAU\YBI等工具的优先； 2、有财务背景，对财务系统有基本概念优先； 3、需具备数据相关基础知识技能； "" ""统本及以上；财务或者经营数字化经营必须1、高质量完成日常事务性工作，有较强的人际连接力 2、做事细心，有主动服务意识； 3、具备较强的数据处理能力。 4、工作中日常沟通顺畅，工作积极主动，主动识别问题及风险，并给出专业意见 岗位需求1： 1、数据方案管理：协助业务BA、业务SA方案进行数据解析，并对接相关数据管家。 2、数据需求管理：一方面承接业务SA的数据需求，负责日常区域数据需求申请、上会评审、跟进闭环。另一方面跟进一线用户的数据需求，协同相关干系人进行需求闭环。 3、数据运营：负责运营商IOC经营数据的运营，包含上线前测试、日常版本验证等，解答用户数据类问题。 4、数据相关方案运维：负责CNB页面数据及维度的配置和日常管理。","['数据', '方案', '管理', '业务', 'ba', '业务', 'sa', '方案', '数据', '解析', '对接', '数据', '管家', '数据', '需求', '管理', '承接', '业务', 'sa', '数据', '需求', '区域', '数据', '需求', '申请', '评审', '闭环', '一线', '用户', '数据', '需求', '干系', '需求', '闭环', '数据', '运营', '运营商', 'ioc', '经营', '数据', '运营', '包含', '上线', '测试', '版本', '验证', '解答', '用户', '数据', '数据', '方案', '运维', 'cnb', '页面', '数据', '维度', '配置', '管理', '数据处理', '数据分析', 'excel', '公式', '数据', 'power', 'bi', 'tableau', 'ybi', '财务', '背景', '财务', '系统', '基本概念', '数据', '基础知识', '技能', '统本', '财务', '经营', '数字化', '经营', '高质量', '事务性', '人际', '连接', '做事', '细心', '主动', '服务', '意识', '数据处理', '顺畅', '积极主动', '主动', '识别', '风险', '给出', '意见', '需求', '数据', '方案', '管理', '业务', 'ba', '业务', 'sa', '方案', '数据', '解析', '对接', '数据', '管家', '数据', '需求', '管理', '承接', '业务', 'sa', '数据', '需求', '区域', '数据', '需求', '申请', '评审', '闭环', '一线', '用户', '数据', '需求', '干系', '需求', '闭环', '数据', '运营', '运营商', 'ioc', '经营', '数据', '运营', '包含', '上线', '测试', '版本', '验证', '解答', '用户', '数据', '数据', '方案', '运维', 'cnb', '页面', '数据', '维度', '配置', '管理']",数据 方案 管理 业务 ba 业务 sa 方案 数据 解析 对接 数据 管家 数据 需求 管理 承接 业务 sa 数据 需求 区域 数据 需求 申请 评审 闭环 一线 用户 数据 需求 干系 需求 闭环 数据 运营 运营商 ioc 经营 数据 运营 包含 上线 测试 版本 验证 解答 用户 数据 数据 方案 运维 cnb 页面 数据 维度 配置 管理 数据处理 数据分析 excel 公式 数据 power bi tableau ybi 财务 背景 财务 系统 基本概念 数据 基础知识 技能 统本 财务 经营 数字化 经营 高质量 事务性 人际 连接 做事 细心 主动 服务 意识 数据处理 顺畅 积极主动 主动 识别 风险 给出 意见 需求 数据 方案 管理 业务 ba 业务 sa 方案 数据 解析 对接 数据 管家 数据 需求 管理 承接 业务 sa 数据 需求 区域 数据 需求 申请 评审 闭环 一线 用户 数据 需求 干系 需求 闭环 数据 运营 运营商 ioc 经营 数据 运营 包含 上线 测试 版本 验证 解答 用户 数据 数据 方案 运维 cnb 页面 数据 维度 配置 管理
数据分析师,"岗位职责： 1.民航数据信息采集、数据库结构搭建； 2.运用数据挖掘/统计学习的理论和方法，深入挖掘和分析用户行为、业务数据； 3.负责并参与方案讨论、调研，负责相关分析报告的撰写； 4.跟进航空业热点，分析行业发展趋势。 岗位要求： 1.统计学、计算机等相关专业，对民航运营熟悉的优先 2.热爱旅游业/航空业，了解用户需求，懂用户体验； 3.熟悉数据清洗、分析、挖掘的经验，熟悉常用的数据挖掘方法论，有独立且高效地完成数据的提取及分析经验者优先； 4.熟练使用EXCEL、SQL、Tableau等软件优先； 5.数字敏感度高,具备较强的分析总结能力，具备良好的数据呈现能力、分析报告撰写能力; 6.具备责任心和良好的团队协作精神，乐于沟通交流和分享，充满激情，乐于接受挑战。 欢迎26届毕业生投递简历 职位福利：周末双休、五险一金、绩效奖金、带薪年假、节日福利、员工旅游、定期体检、补充医疗保险","['民航', '数据', '信息', '采集', '数据库', '结构', '搭建', '数据挖掘', '统计', '理论', '方法', '挖掘', '分析', '用户', '业务', '数据', '方案', '讨论', '调研', '分析报告', '撰写', '航空业', '热点', '分析', '行业', '发展趋势', '统计学', '计算机', '民航', '运营', '热爱', '旅游业', '航空业', '用户', '需求', '用户', '体验', '数据', '清洗', '分析', '挖掘', '常用', '数据挖掘', '方法论', '独立', '高效', '数据', '提取', '分析', 'excel', 'sql', 'tableau', '软件', '数字', '敏感度', '分析', '数据', '呈现', '分析报告', '撰写', '责任心', '协作', '精神', '乐于', '沟通交流', '分享', '充满', '激情', '乐于', '接受', '挑战', '毕业生', '投递', '简历', '绩效奖金', '节日', '员工', '定期', '补充', '医疗保险']",民航 数据 信息 采集 数据库 结构 搭建 数据挖掘 统计 理论 方法 挖掘 分析 用户 业务 数据 方案 讨论 调研 分析报告 撰写 航空业 热点 分析 行业 发展趋势 统计学 计算机 民航 运营 热爱 旅游业 航空业 用户 需求 用户 体验 数据 清洗 分析 挖掘 常用 数据挖掘 方法论 独立 高效 数据 提取 分析 excel sql tableau 软件 数字 敏感度 分析 数据 呈现 分析报告 撰写 责任心 协作 精神 乐于 沟通交流 分享 充满 激情 乐于 接受 挑战 毕业生 投递 简历 绩效奖金 节日 员工 定期 补充 医疗保险
数据分析师,部门介绍： 我们是京东科技智能资管，致力于建设全中国最大的不良资产管理平台，始终肩负用最文明的方式化解金融风险、修复资产价值、稳定社会信用体系的核心使命，致力于以科技驱动资产管理的专业化与人性化，构建更健康、可持续，有温度的金融生态。 依托数据、技术、资本、AMC牌照四大核心优势，为金融机构及资产持有方提供全周期、多模式、数字化的资产处置解决方案。通过科技与金融的深度融合，我们不仅助力金融机构化解不良资产、优化资产负债结构，更致力维护金融市场秩序，构建金融新生态，推动其文明、长期、稳健发展。目前我们已服务包含京东消费金融以及外部多家大型金融机构，处置的资产规模居于行业前列，切实实现了风险化解、资产盘活与社会效益的协同共赢。 期待不良资产商务拓展、贷后策略与模型、AI产品与技术、贷后运营等领域的优秀人才加入我们，一起构建更健康、更文明、更可持续的不良资产管理行业的未来！ 岗位职责： 1.分析及数据支持：为京东科技信控业务提供数据运营支持； 2.策略设计：根据业务需求，设计策略，推动落地，评估和分析结果，持续迭代； 3.绩效支持：绩效工资的核算发放； 4.现场值班管控：设计调解人员排班计划，包含人员出勤、现场稽核、系统异常登记、每日预警等； 5.现场人效管控：管控人员工作时长≥90%、人员产能达成比≥100%、对过程数据均有监控并对异常进行跟踪； 6.异常报告输出：能定期输出现场诊断报告，不局限在数据层面，更多聚焦在从现场管控看到可努力的机会点，给出业务建议，共建组织能力提升。 任职要求 1.本科及以上学历，三年以上工作经验； 2.对数据敏感，能从数据中发现问题、解决问题； 3.熟悉业界常用的数据分析模型，掌握实验设计与因果推断原理者优先； 4.思维清晰，逻辑性强，有强烈的好奇心，勇于创新和面对挑战，对工作充满激情，并有良好的沟通能力、自学能力和团队协作精神。 符合京东价值观：客户为先、创新、拼搏、担当、感恩、诚信。,"['介绍', '京东', '科技', '智能', '资管', '致力于', '建设', '中国', '不良资产', '管理', '平台', '始终', '肩负', '文明', '方式', '化解', '金融风险', '修复', '资产', '价值', '稳定', '社会', '信用', '体系', '核心', '使命', '致力于', '科技', '驱动', '资产', '管理', '专业化', '人性化', '构建', '健康', '持续', '温度', '金融', '生态', '依托', '数据', '技术', '资本', 'amc', '牌照', '四大', '核心', '优势', '金融机构', '资产', '持有', '周期', '模式', '数字化', '资产', '处置', '解决方案', '科技', '金融', '深度', '融合', '助力', '金融机构', '化解', '不良资产', '优化', '资产负债', '结构', '致力', '维护', '金融市场', '秩序', '构建', '金融', '生态', '推动', '文明', '长期', '稳健', '发展', '服务', '包含', '京东', '消费', '金融', '外部', '多家', '大型', '金融机构', '处置', '资产', '规模', '居于', '行业', '前列', '切实', '风险', '化解', '资产', '盘活', '社会效益', '共赢', '期待', '不良资产', '商务', '拓展', '贷后', '策略', '模型', 'ai', '产品', '技术', '贷后', '运营', '领域', '优秀人才', '构建', '健康', '文明', '持续', '不良资产', '管理', '行业', '未来', '分析', '数据', '京东', '科技', '信控', '业务', '提供数据', '运营', '策略', '设计', '业务', '需求', '设计', '策略', '推动', '落地', '评估', '分析', '持续', '迭代', '工资', '核算', '发放', '现场', '值班', '管控', '设计', '调解', '排班', '计划', '包含', '出勤', '现场', '稽核', '系统', '异常', '登记', '每日', '预警', '现场', '人效', '管控', '管控', '90%', '产能', '达成', '100%', '过程', '数据', '监控', '异常', '跟踪', '异常', '报告', '输出', '定期', '输出', '现场', '诊断', '报告', '局限', '数据', '层面', '聚焦', '现场', '管控', '努力', '机会', '给出', '业务', '建议', '共建', '组织', '提升', '三年', '数据', '敏感', '数据', '发现', '解决问题', '业界', '常用', '数据分析', '模型', '实验设计', '因果', '推断', '原理', '思维', '清晰', '逻辑性', '好奇心', '勇于创新', '面对', '挑战', '充满', '激情', '自学能力', '协作', '精神', '符合', '京东', '价值观', '客户', '为先', '创新', '拼搏', '担当', '感恩', '诚信']",介绍 京东 科技 智能 资管 致力于 建设 中国 不良资产 管理 平台 始终 肩负 文明 方式 化解 金融风险 修复 资产 价值 稳定 社会 信用 体系 核心 使命 致力于 科技 驱动 资产 管理 专业化 人性化 构建 健康 持续 温度 金融 生态 依托 数据 技术 资本 amc 牌照 四大 核心 优势 金融机构 资产 持有 周期 模式 数字化 资产 处置 解决方案 科技 金融 深度 融合 助力 金融机构 化解 不良资产 优化 资产负债 结构 致力 维护 金融市场 秩序 构建 金融 生态 推动 文明 长期 稳健 发展 服务 包含 京东 消费 金融 外部 多家 大型 金融机构 处置 资产 规模 居于 行业 前列 切实 风险 化解 资产 盘活 社会效益 共赢 期待 不良资产 商务 拓展 贷后 策略 模型 ai 产品 技术 贷后 运营 领域 优秀人才 构建 健康 文明 持续 不良资产 管理 行业 未来 分析 数据 京东 科技 信控 业务 提供数据 运营 策略 设计 业务 需求 设计 策略 推动 落地 评估 分析 持续 迭代 工资 核算 发放 现场 值班 管控 设计 调解 排班 计划 包含 出勤 现场 稽核 系统 异常 登记 每日 预警 现场 人效 管控 管控 90% 产能 达成 100% 过程 数据 监控 异常 跟踪 异常 报告 输出 定期 输出 现场 诊断 报告 局限 数据 层面 聚焦 现场 管控 努力 机会 给出 业务 建议 共建 组织 提升 三年 数据 敏感 数据 发现 解决问题 业界 常用 数据分析 模型 实验设计 因果 推断 原理 思维 清晰 逻辑性 好奇心 勇于创新 面对 挑战 充满 激情 自学能力 协作 精神 符合 京东 价值观 客户 为先 创新 拼搏 担当 感恩 诚信
数据分析师,职位描述 1.支持商业化与增长业务的数据分析需求，监测核心指标并定位问题。 2.完成渠道评估、活动分析、用户留存等专项分析，输出 actionable 建议。 3.搭建和维护数据看板，支持业务决策。 任职要求 1.经验：1-3年数据分析经验，有互联网商业化或增长分析经验优先。 2.技能：熟练使用 SQL 和至少一种分析工具（Python/R）；掌握 BI 工具（如 Tableau）。 3.能力：逻辑清晰，具备良好的业务理解和沟通能力，能独立解决问题。 4.学历：本科及以上，数学、统计、计算机等相关专业优先。 简历需要具备的硬性要求 有数据分析基础、有互联网相关工作经验、理工科背景,"['商业化', '增长', '业务', '数据分析', '需求', '监测', '核心', '指标', '定位问题', '渠道', '评估', '活动', '分析', '用户', '留存', '专项', '分析', '输出', 'actionable', '建议', '搭建', '维护', '数据', '业务', '决策', '数据分析', '互联网', '商业化', '增长', '分析', '技能', 'sql', '至少', '一种', '分析', 'python', 'r', 'bi', 'tableau', '逻辑', '清晰', '业务', '理解', '独立', '解决问题', '数学', '统计', '计算机', '简历', '硬性', '数据分析', '基础', '互联网', '理工科', '背景']",商业化 增长 业务 数据分析 需求 监测 核心 指标 定位问题 渠道 评估 活动 分析 用户 留存 专项 分析 输出 actionable 建议 搭建 维护 数据 业务 决策 数据分析 互联网 商业化 增长 分析 技能 sql 至少 一种 分析 python r bi tableau 逻辑 清晰 业务 理解 独立 解决问题 数学 统计 计算机 简历 硬性 数据分析 基础 互联网 理工科 背景
数据分析师,【地铁口│十三薪│免费工作餐│精品模式│自主研发产品│多项海外专利│一对一培训│定制职业发展│团队幸福感强】 岗位职责： 1. 深入调研目标市场，分析市场趋势与环境；多维度评估竞品动态； 2. 制定并执行销售策略与推广计划，根据数据变化灵活调整； 3. 定期分析销售与库存数据，优化库存周转率，确保安全库存； 4. 维护Amazon店铺健康运营，管控风险，确保各项指标达标。 任职要求： 1. 本科及以上学历，理科专业背景优先； 2. 熟练使用Excel，具备较强的数据分析能力和逻辑思维； 3. 英语CET-6或同等水平，能够流畅阅读英文资料； 4. 有1年以上相关工作经验；提供一对一导师带教。 我们的福利： 【社保五险】按国家规定 【员工旅游】每年1-2次旅游 【包工作餐】提供免费的工作餐 【生日福利】每年生日会收到美美的蛋糕以及大家的温馨祝福 【娱乐活动】各种娱乐、文体、聚餐、年会活动等您来参加 【传统佳节】每年的传统佳节都会收到大大的礼包 【加薪制度】每年年底有加薪机会。从不降薪！ 杭州总部地址：浙江省杭州市上城区丁桥金色大唐城3幢 武汉分部地址：湖北省武汉市洪山区书城路窝牛创意大厦（地铁8号线文昌路站C或D出口；出站步行5分钟内可到公司大楼）,"['地铁口', '十三', '免费', '工作餐', '精品', '模式', '自主', '研发', '产品', '多项', '海外', '专利', '一对一', '定制', '职业', '发展', '幸福感', '调研', '目标', '市场', '分析', '市场趋势', '环境', '多维度', '评估', '竞品', '动态', '制定', '销售策略', '推广', '计划', '数据', '变化', '灵活', '调整', '定期', '分析', '销售', '库存', '数据', '优化', '库存', '周转率', '确保安全', '库存', '维护', 'amazon', '店铺', '健康', '运营', '管控', '风险', '确保', '各项', '指标', '达标', '理科', '背景', 'excel', '数据分析', '逻辑思维', '英语', 'cet', '同等', '水平', '流畅', '阅读', '英文', '资料', '一对一', '导师', '带教', '社保', '国家', '员工', '工作餐', '免费', '工作餐', '生日', '生日会', '收到', '美美', '蛋糕', '温馨', '祝福', '娱乐活动', '娱乐', '文体', '聚餐', '年会', '活动', '参加', '传统', '佳节', '传统', '佳节', '收到', '大大的', '礼包', '加薪', '制度', '年底', '加薪', '机会', '降薪', '杭州', '总部', '地址', '浙江省', '杭州市', '城区', '丁桥', '金色', '大唐', '武汉', '分部', '地址', '湖北省', '武汉市', '洪山区', '书城', '路窝', '创意', '大厦', '地铁', '号线', '文昌', '路站', 'c', 'd', '出口', '出站', '步行', '分钟', '内可到', '大楼']",地铁口 十三 免费 工作餐 精品 模式 自主 研发 产品 多项 海外 专利 一对一 定制 职业 发展 幸福感 调研 目标 市场 分析 市场趋势 环境 多维度 评估 竞品 动态 制定 销售策略 推广 计划 数据 变化 灵活 调整 定期 分析 销售 库存 数据 优化 库存 周转率 确保安全 库存 维护 amazon 店铺 健康 运营 管控 风险 确保 各项 指标 达标 理科 背景 excel 数据分析 逻辑思维 英语 cet 同等 水平 流畅 阅读 英文 资料 一对一 导师 带教 社保 国家 员工 工作餐 免费 工作餐 生日 生日会 收到 美美 蛋糕 温馨 祝福 娱乐活动 娱乐 文体 聚餐 年会 活动 参加 传统 佳节 传统 佳节 收到 大大的 礼包 加薪 制度 年底 加薪 机会 降薪 杭州 总部 地址 浙江省 杭州市 城区 丁桥 金色 大唐 武汉 分部 地址 湖北省 武汉市 洪山区 书城 路窝 创意 大厦 地铁 号线 文昌 路站 c d 出口 出站 步行 分钟 内可到 大楼
数据分析师,人力外包驻场，签订东华劳动合同。 任职要求： 1. 经验要求 - 本科及以上学历，学信网可查，统计学、数学、计算机、金融工程、经济学等相关专业优先。 - 5年以上银行、互联网金融或咨询公司数据分析相关工作经验，必须有独立主导过大型用户运营分析或营销模型项目的成功案例。 - 有手机银行APP运营分析或零售银行数字化营销项目经验者优先。 2. 技能要求 - 数据处理与编程：精通 SQL（复杂查询优化），熟练掌握 Python 或 R 进行数据清洗、统计分析及建模。 - 算法模型：深刻理解并实际应用过 RFM模型、聚类分析等算法解决过实际业务问题。 - 文档能力：能够独立产出高质量线上运营报告 3. 其它要求 - 能主动发现业务痛点并提出分析课题，而非被动接收需求 - 具备优秀的沟通能力，能阐述复杂的分析逻辑和分析结论。 岗位职责： 1. 数据监控与需求挖掘：产出手机银行日常运营报告，建立核心业务漏斗，定期自动监测各环节转化率。分析用户在页面上的停留时长、跳出率及报错日志，识别“体验断点”。结合客群画像，分析不同层级客户的行为差异，寻找未被满足的共性需求。 2. 手机运营报告及业务表现深度归因分析：为业务运营策略提供量化依据，辅助营销决策；数据拆解，效果跟踪量化，归因分析。 3. 上线后需求评价，验证上线功能是否达到预期业务目标。,"['人力', '外包', '驻场', '签订', '东华', '劳动合同', '学信', '网可查', '统计学', '数学', '计算机', '金融', '工程', '经济学', '银行', '互联网', '金融', '咨询', '数据分析', '独立', '主导', '大型', '用户', '运营', '分析', '营销', '模型', '项目', '成功', '案例', '手机', '银行', 'app', '运营', '分析', '零售', '银行', '数字化', '营销', '项目', '技能', '数据处理', '编程', '精通', 'sql', '查询', '优化', 'python', 'r', '数据', '清洗', '统计分析', '建模', '算法', '模型', '深刻理解', 'rfm', '模型', '聚类分析', '算法', '解决', '业务', '文档', '独立', '产出', '高质量', '线上', '运营', '报告', '主动', '发现', '业务', '痛点', '提出', '分析', '课题', '被动', '接收', '需求', '优秀', '阐述', '分析', '逻辑', '分析', '结论', '数据', '监控', '需求', '挖掘', '产出', '手机', '银行', '运营', '报告', '建立', '核心', '业务', '漏斗', '定期', '自动', '监测', '环节', '转化率', '分析', '用户', '页面', '停留', '跳出', '率及', '报错', '日志', '识别', '体验', '断点', '客群', '画像', '分析', '层级', '客户', '差异', '寻找', '共性', '需求', '手机', '运营', '报告', '业务', '表现', '深度', '归因', '分析', '业务', '运营', '策略', '量化', '辅助', '营销', '决策', '数据', '拆解', '效果', '跟踪', '量化', '归因', '分析', '上线', '需求', '评价', '验证', '上线', '功能', '预期', '业务', '目标']",人力 外包 驻场 签订 东华 劳动合同 学信 网可查 统计学 数学 计算机 金融 工程 经济学 银行 互联网 金融 咨询 数据分析 独立 主导 大型 用户 运营 分析 营销 模型 项目 成功 案例 手机 银行 app 运营 分析 零售 银行 数字化 营销 项目 技能 数据处理 编程 精通 sql 查询 优化 python r 数据 清洗 统计分析 建模 算法 模型 深刻理解 rfm 模型 聚类分析 算法 解决 业务 文档 独立 产出 高质量 线上 运营 报告 主动 发现 业务 痛点 提出 分析 课题 被动 接收 需求 优秀 阐述 分析 逻辑 分析 结论 数据 监控 需求 挖掘 产出 手机 银行 运营 报告 建立 核心 业务 漏斗 定期 自动 监测 环节 转化率 分析 用户 页面 停留 跳出 率及 报错 日志 识别 体验 断点 客群 画像 分析 层级 客户 差异 寻找 共性 需求 手机 运营 报告 业务 表现 深度 归因 分析 业务 运营 策略 量化 辅助 营销 决策 数据 拆解 效果 跟踪 量化 归因 分析 上线 需求 评价 验证 上线 功能 预期 业务 目标
数据分析师,职位描述 1、承接业务数据分析需求，产出专项分析报告，洞察做功机会； 2、负责业务指标体系构建、数据监控看板搭建和活动人群圈选； 3、通过数据挖掘分析，协同产研制定保险产品定价、风控策略。 任职要求 1、硕士研究生及以上学历，具备1～3年数据分析经验； 2、熟练使用SQL、Office等常用办公软件，熟悉Python优先； 3、有统计学基础，统计学、数学、金融等相关专业优先； 4、有较强的学习能力、良好的团队合作意识、较强的沟通能力； 5、有互联网电商、金融、支付从业经验者优先； 6、有保险产品定价、风控经验者优先。 1～3年数据分析经验、熟练使用SQL、211/985/海外名校学历背景,"['承接', '业务', '数据分析', '需求', '产出', '专项', '分析报告', '洞察', '做功', '机会', '业务', '指标体系', '构建', '数据', '监控', '搭建', '活动', '人群', '圈选', '数据挖掘', '分析', '研制', '保险产品', '定价', '风控', '策略', '研究生', '数据分析', 'sql', 'office', '常用', '软件', 'python', '统计学', '基础', '统计学', '数学', '金融', '合作', '意识', '互联网', '电商', '金融', '支付', '从业', '保险产品', '定价', '风控', '数据分析', 'sql', '海外', '名校', '背景']",承接 业务 数据分析 需求 产出 专项 分析报告 洞察 做功 机会 业务 指标体系 构建 数据 监控 搭建 活动 人群 圈选 数据挖掘 分析 研制 保险产品 定价 风控 策略 研究生 数据分析 sql office 常用 软件 python 统计学 基础 统计学 数学 金融 合作 意识 互联网 电商 金融 支付 从业 保险产品 定价 风控 数据分析 sql 海外 名校 背景
数据分析师,职位描述： 具备数据战略规划能力，可制定贴合公司业务的数据战略，明确短中长期目标，开展数据价值评估，识别关键数据资产并制定资产化路径，统筹数据采集、处理、分析、应用全生命周期管理。同时擅长团队建设，能按需搭建数据开发、分析、产品等岗位架构，推进人才培养与梯队建设，建立规范工作流程、协作机制与绩效体系，提升团队整体效能。1.从各种来源收集数据，包括数据库、第三方数据提供商、网络爬虫等。清洗数据，确保数据的准确性和可靠性;2.在数据清洗的基础上，运用统计学、机器学习等方法对数据进行分析;3.将分析结果以报告的形式呈现出来，报告应包括数据可视化、结论提炼和建议提出;4.熟练掌握各种数据分析工具和技术，如SQL、Python、R等；5.数据分析领域的技术和方法不断更新，保持持续学习的态度，不断提升自己的专业技能。同时关注行业动态和最新研究成果，以便将最新的技术和方法应用到实际工作中。 职位要求： 1.计算机科学、数据科学、统计学、信息管理相关专业，统招硕士及以上学历，工程师及以上技术职称优先；2.熟练掌握数据分析方法和工具，如Python、R、SQL等；熟悉MySQL、PostgreSQL、MongoDB等数据库系统的使用和管理；熟悉数据清洗、数据转换、数据集成等数据处理流程；3.有7年以上数据分析和数据管理相关项目的经验，具备扎实的统计学基础和熟练的编程技能，能够独立完成数据分析任务；4.出色的沟通技能，优秀的报告撰写和组织策划能力；5.具有团队合作精神和较好的多文化沟通交流能力。,"['数据', '战略规划', '制定', '贴合', '业务', '数据', '战略', '中长期', '目标', '数据', '价值', '评估', '识别', '关键', '数据', '资产', '制定', '资产', '路径', '统筹', '数据', '采集', '分析', '生命周期', '管理', '擅长', '建设', '搭建', '数据', '开发', '分析', '产品', '架构', '人才培养', '梯队', '建设', '建立', '规范', '流程', '协作', '机制', '体系', '提升', '整体', '效能', '来源', '收集', '数据', '包括', '数据库', '第三方', '数据', '提供商', '网络', '爬虫', '清洗', '数据', '确保', '数据', '准确性', '可靠性', '数据', '清洗', '基础', '统计学', '机器学习', '方法', '数据', '分析', '分析', '报告', '形式', '呈现', '报告', '包括', '数据可视化', '结论', '提炼', '建议', '提出', '数据分析', '技术', 'sql', 'python', 'r', '数据分析', '领域', '技术', '方法', '不断更新', '持续', '态度', '提升', '专业技能', '关注', '行业动态', '最新', '研究成果', '最新', '技术', '方法', '计算机科学', '数据', '科学', '统计学', '信息管理', '统招', '工程师', '技术职称', '数据分析', '方法', 'python', 'r', 'sql', 'mysql', 'postgresql', 'mongodb', '数据库系统', '管理', '数据', '清洗', '数据', '转换', '数据', '集成', '数据处理', '流程', '数据分析', '数据管理', '项目', '扎实', '统计学', '基础', '编程', '技能', '独立', '数据分析', '出色', '技能', '优秀', '报告', '撰写', '组织', '策划', '合作', '精神', '文化', '沟通交流']",数据 战略规划 制定 贴合 业务 数据 战略 中长期 目标 数据 价值 评估 识别 关键 数据 资产 制定 资产 路径 统筹 数据 采集 分析 生命周期 管理 擅长 建设 搭建 数据 开发 分析 产品 架构 人才培养 梯队 建设 建立 规范 流程 协作 机制 体系 提升 整体 效能 来源 收集 数据 包括 数据库 第三方 数据 提供商 网络 爬虫 清洗 数据 确保 数据 准确性 可靠性 数据 清洗 基础 统计学 机器学习 方法 数据 分析 分析 报告 形式 呈现 报告 包括 数据可视化 结论 提炼 建议 提出 数据分析 技术 sql python r 数据分析 领域 技术 方法 不断更新 持续 态度 提升 专业技能 关注 行业动态 最新 研究成果 最新 技术 方法 计算机科学 数据 科学 统计学 信息管理 统招 工程师 技术职称 数据分析 方法 python r sql mysql postgresql mongodb 数据库系统 管理 数据 清洗 数据 转换 数据 集成 数据处理 流程 数据分析 数据管理 项目 扎实 统计学 基础 编程 技能 独立 数据分析 出色 技能 优秀 报告 撰写 组织 策划 合作 精神 文化 沟通交流
数据分析师,岗位职责 1.负责中心信息化提升工作; 2.负责中心网络安全管理工作; 3.协助推进中心大集中ERP建设工作; 4.处理桌面运维工作: 5.遵守公司各项规章制度; 主要工作内容 1.使用 RPA、Pvthon 等工具开发自动化应用程序并维护版本更新，提升中心办公质效; 2.下达网络安全管理通知、组织网络安全检查及问题整改、完成公司要求的 网络安全管理专项工作; 3.跟进大集中ERP上线进度，收集问题并协调推进，确保顺利实施上线; 4.负责牵头组织安装公司要求的软件，并按公司要求统计、上报相关数据: 5.领导安排的其他工作。 任职要求： 1、大学本科及以上学历； 2、具有中级会计职称或中级经济师职称； 3、有一定的公文写作能力； 4、英语4级以上或同等英语水平； 5、熟练使用办公软件，熟悉计算机操作； 6、能承担工作压力，有责任心，有一定的协调、沟通能力； 职位福利：五险一金、带薪年假、定期体检、补充医疗保险、周末双休、员工旅游、14薪,"['中心', '信息化', '提升', '中心', '网络安全', '管理工作', '中心', 'erp', '建设', '桌面', '运维', '遵守', '各项', '规章制度', '内容', 'rpa', 'pvthon', '开发', '自动化', '应用程序', '维护', '版本', '更新', '提升', '中心', '质效', '下达', '网络安全', '管理', '通知', '组织', '网络安全', '检查', '整改', '网络安全', '管理', '专项', 'erp', '上线', '进度', '收集', '协调', '确保', '顺利', '实施', '上线', '牵头', '组织', '安装公司', '软件', '统计', '上报', '数据', '领导', '安排', '大学本科', '中级', '会计职称', '中级', '经济师', '职称', '公文', '写作能力', '英语', '同等', '英语水平', '软件', '计算机操作', '承担', '压力', '责任心', '协调', '定期', '补充', '医疗保险', '员工']",中心 信息化 提升 中心 网络安全 管理工作 中心 erp 建设 桌面 运维 遵守 各项 规章制度 内容 rpa pvthon 开发 自动化 应用程序 维护 版本 更新 提升 中心 质效 下达 网络安全 管理 通知 组织 网络安全 检查 整改 网络安全 管理 专项 erp 上线 进度 收集 协调 确保 顺利 实施 上线 牵头 组织 安装公司 软件 统计 上报 数据 领导 安排 大学本科 中级 会计职称 中级 经济师 职称 公文 写作能力 英语 同等 英语水平 软件 计算机操作 承担 压力 责任心 协调 定期 补充 医疗保险 员工
数据分析师,岗位职责： 1.数据采集与清洗：获取行业相关数据，处理海量数据的采集、清洗与存储。 2.大数据处理：使用大数据技术（如Hadoop、Spark等）进行数据的分析与建模，构建数据仓库，优化数据流转。 3.ETL开发与维护：设计和优化ETL流程，确保数据从源头到分析的完整性和准确性。 4.数据分析与挖掘：基于业务需求，运用机器学习/深度学习算法，进行数据建模、预测和挖掘，输出数据驱动的业务决策建议。 5.数据可视化：设计数据可视化报表，提供清晰的决策支持。 6.主数据治理：治理主数据，维护主数据的生命周期。 任职要求： 1.统招本科及以上； 2.具备水利信息化行业经验优先； 3.计算机类、电子信息类等相关专业； 4.5年以上大数据分析、数据治理相关经验； 5.掌握Hadoop、Spark等大数据处理技术，具备海量数据处理经验; 6.熟悉ETL流程，掌握SQL、数据仓库设计，有ETL项目开发经验; 7.精通Python、SQL，具备良好的代码规范和编程习惯;,"['数据', '采集', '清洗', '获取', '行业', '数据', '海量', '数据', '采集', '清洗', '存储', '数据处理', '数据', '技术', 'hadoop', 'spark', '数据', '分析', '建模', '构建', '数据仓库', '优化', '数据', '流转', 'etl', '开发', '维护', '设计', '优化', 'etl', '流程', '确保', '数据', '源头', '分析', '完整性', '准确性', '数据分析', '挖掘', '业务', '需求', '机器学习', '深度', '算法', '数据建模', '预测', '挖掘', '输出', '数据', '驱动', '业务', '决策', '建议', '数据可视化', '设计', '数据可视化', '报表', '清晰', '决策', '数据', '治理', '治理', '数据', '维护', '数据', '生命周期', '统招', '水利', '信息化', '行业', '计算机', '电子信息', '数据分析', '数据', '治理', 'hadoop', 'spark', '数据处理', '技术', '海量', '数据处理', 'etl', '流程', 'sql', '数据仓库', '设计', 'etl', '项目', '开发', '精通', 'python', 'sql', '代码', '规范', '编程', '习惯']",数据 采集 清洗 获取 行业 数据 海量 数据 采集 清洗 存储 数据处理 数据 技术 hadoop spark 数据 分析 建模 构建 数据仓库 优化 数据 流转 etl 开发 维护 设计 优化 etl 流程 确保 数据 源头 分析 完整性 准确性 数据分析 挖掘 业务 需求 机器学习 深度 算法 数据建模 预测 挖掘 输出 数据 驱动 业务 决策 建议 数据可视化 设计 数据可视化 报表 清晰 决策 数据 治理 治理 数据 维护 数据 生命周期 统招 水利 信息化 行业 计算机 电子信息 数据分析 数据 治理 hadoop spark 数据处理 技术 海量 数据处理 etl 流程 sql 数据仓库 设计 etl 项目 开发 精通 python sql 代码 规范 编程 习惯
数据分析师,职位描述 1、承接业务数据分析需求，产出专项分析报告，洞察做功机会； 2、负责业务指标体系构建、数据监控看板搭建和活动人群圈选； 3、通过数据挖掘分析，协同产研制定保险产品定价、风控策略。 任职要求 1、硕士研究生及以上学历，具备1～3年数据分析经验； 2、熟练使用SQL、Office等常用办公软件，熟悉Python优先； 3、有统计学基础，统计学、数学、金融等相关专业优先； 4、有较强的学习能力、良好的团队合作意识、较强的沟通能力； 5、有互联网电商、金融、支付从业经验者优先； 6、有保险产品定价、风控经验者优先。 简历需要具备的硬性要求 1～3年数据分析经验、熟练使用SQL、211/985/海外名校学历背景,"['承接', '业务', '数据分析', '需求', '产出', '专项', '分析报告', '洞察', '做功', '机会', '业务', '指标体系', '构建', '数据', '监控', '搭建', '活动', '人群', '圈选', '数据挖掘', '分析', '研制', '保险产品', '定价', '风控', '策略', '研究生', '数据分析', 'sql', 'office', '常用', '软件', 'python', '统计学', '基础', '统计学', '数学', '金融', '合作', '意识', '互联网', '电商', '金融', '支付', '从业', '保险产品', '定价', '风控', '简历', '硬性', '数据分析', 'sql', '海外', '名校', '背景']",承接 业务 数据分析 需求 产出 专项 分析报告 洞察 做功 机会 业务 指标体系 构建 数据 监控 搭建 活动 人群 圈选 数据挖掘 分析 研制 保险产品 定价 风控 策略 研究生 数据分析 sql office 常用 软件 python 统计学 基础 统计学 数学 金融 合作 意识 互联网 电商 金融 支付 从业 保险产品 定价 风控 简历 硬性 数据分析 sql 海外 名校 背景
数据分析师,岗位职责： 1.参与建立并优化国际传播效果评估的数据管理流程，负责海外社交媒体平台传播数据的处理与分析，具备多语种数据处理经验者优先。 2.定期开展国际新闻传播效果分析，完成内容包括传播趋势、用户反馈、舆情演化等方面的研究报告，为领导策略提供支持。 3.具备跨平台数据整合与分析能力，能够结合流量特点与内容生态，输出可落地的业务建议。能够开发并维护数据可视化看板。 4.关注AI与大模型在新闻业务中的应用，能够结合实际场景，提升工作效率。 5.准确落实完成领导交办的其他各项工作。 岗位要求: 1.拥护和遵守中华人民共和国宪法和法律，拥护中国共产党领导和社会主义制度。 2.具有大学本科及以上学历和相应学位，数学、计算机、数据科学、人工智能等相关专业优先。 3.英语六级及以上，能够将英语作为工作语言。 4.具备3年以上数据分析相关经验，有互联网、内容平台或国际传播领域经验者优先。 5.熟练掌握SQL及至少一种数据分析工具（如Python、R），能够运用统计方法支持业务决策。 6.对AI工具有基本了解，具备在新闻业务中应用Prompt工程等实践经验者优先，注重实际场景中的工具落地。 7.思维活跃、视野开阔，沟通能力、责任心、执行力强，能够沉着、冷静应对压力和紧急任务，并具有协调沟通能力和团队合作精神。,"['建立', '优化', '国际', '传播', '效果', '评估', '数据管理', '流程', '海外', '社交', '媒体', '平台', '传播', '数据', '分析', '多语种', '数据处理', '定期', '国际', '新闻', '传播', '效果', '分析', '内容', '包括', '传播', '趋势', '用户', '反馈', '舆情', '演化', '研究', '报告', '领导', '策略', '跨平台', '数据', '整合', '分析', '流量', '内容', '生态', '输出', '落地', '业务', '建议', '开发', '维护', '数据可视化', '关注', 'ai', '模型', '新闻', '业务', '结合实际', '场景', '提升', '工作效率', '准确', '落实', '领导', '交办', '各项', '拥护', '遵守', '中华人民共和国宪法', '法律', '拥护', '中国共产党', '领导', '制度', '大学本科', '学位', '数学', '计算机', '数据', '科学', '人工智能', '英语六级', '英语', '语言', '数据分析', '互联网', '内容', '平台', '国际', '传播', '领域', 'sql', '至少', '一种', '数据分析', 'python', 'r', '统计', '方法', '业务', '决策', 'ai', '新闻', '业务', 'prompt', '工程', '实践经验', '注重', '场景', '落地', '思维', '活跃', '视野', '开阔', '责任心', '执行力', '沉着', '冷静', '应对', '压力', '紧急任务', '协调', '合作', '精神']",建立 优化 国际 传播 效果 评估 数据管理 流程 海外 社交 媒体 平台 传播 数据 分析 多语种 数据处理 定期 国际 新闻 传播 效果 分析 内容 包括 传播 趋势 用户 反馈 舆情 演化 研究 报告 领导 策略 跨平台 数据 整合 分析 流量 内容 生态 输出 落地 业务 建议 开发 维护 数据可视化 关注 ai 模型 新闻 业务 结合实际 场景 提升 工作效率 准确 落实 领导 交办 各项 拥护 遵守 中华人民共和国宪法 法律 拥护 中国共产党 领导 制度 大学本科 学位 数学 计算机 数据 科学 人工智能 英语六级 英语 语言 数据分析 互联网 内容 平台 国际 传播 领域 sql 至少 一种 数据分析 python r 统计 方法 业务 决策 ai 新闻 业务 prompt 工程 实践经验 注重 场景 落地 思维 活跃 视野 开阔 责任心 执行力 沉着 冷静 应对 压力 紧急任务 协调 合作 精神
数据分析师,1、数据统计:统计销售和库存数据，每日更新数据表。 2、数据分析:监控并分析销售数据，审核销售预测，和运营沟通，减少断货和几余 3、补发补单:根据销售预测和库存数据，为国外各个平台发货补货。结合国内外库存情况进行国内生产补单工作。 4、货物监管:跟进订单生产进度，保证订单交期内发货，监管国内&国外库存情况。 任职要求 1、4年以上数据分析经验，逻辑思维强，严谨认真，吃苦耐劳，稳定。 2、有团队合作精神，善于交流和分享，抗压能力强。 3、熟悉 OFFICE，数据分析等办公软件。数学&计算机&统计学等理工科专业优先。 职位福利：五险一金、绩效奖金、带薪年假、节日福利、员工旅游、定期体检、包住,"['数据', '统计', '统计', '销售', '库存', '数据', '每日', '更新', '数据表', '数据分析', '监控', '分析', '销售', '数据', '审核', '销售', '预测', '运营', '减少', '断货', '几余', '补发', '补单', '销售', '预测', '库存', '数据', '国外', '平台', '发货', '补货', '国内外', '库存', '情况', '国内', '生产', '补单', '货物', '监管', '订单', '生产', '进度', '保证', '订单', '期内', '发货', '监管', '国内', '国外', '库存', '情况', '数据分析', '逻辑思维', '严谨', '吃苦耐劳', '稳定', '合作', '精神', '善于', '交流', '分享', '抗压', 'office', '数据分析', '软件', '数学', '计算机', '统计学', '理工科', '绩效奖金', '节日', '员工', '定期', '包住']",数据 统计 统计 销售 库存 数据 每日 更新 数据表 数据分析 监控 分析 销售 数据 审核 销售 预测 运营 减少 断货 几余 补发 补单 销售 预测 库存 数据 国外 平台 发货 补货 国内外 库存 情况 国内 生产 补单 货物 监管 订单 生产 进度 保证 订单 期内 发货 监管 国内 国外 库存 情况 数据分析 逻辑思维 严谨 吃苦耐劳 稳定 合作 精神 善于 交流 分享 抗压 office 数据分析 软件 数学 计算机 统计学 理工科 绩效奖金 节日 员工 定期 包住
数据分析师,职位描述 1.支持商业化与增长业务的数据分析需求，监测核心指标并定位问题。 2.完成渠道评估、活动分析、用户留存等专项分析，输出 actionable 建议。 3.搭建和维护数据看板，支持业务决策。 任职要求 1.经验：1-3年数据分析经验，有互联网商业化或增长分析经验优先。 2.技能：熟练使用 SQL 和至少一种分析工具（Python/R）；掌握 BI 工具（如 Tableau）。 3.能力：逻辑清晰，具备良好的业务理解和沟通能力，能独立解决问题。 4.学历：本科及以上，数学、统计、计算机等相关专业优先。,"['商业化', '增长', '业务', '数据分析', '需求', '监测', '核心', '指标', '定位问题', '渠道', '评估', '活动', '分析', '用户', '留存', '专项', '分析', '输出', 'actionable', '建议', '搭建', '维护', '数据', '业务', '决策', '数据分析', '互联网', '商业化', '增长', '分析', '技能', 'sql', '至少', '一种', '分析', 'python', 'r', 'bi', 'tableau', '逻辑', '清晰', '业务', '理解', '独立', '解决问题', '数学', '统计', '计算机']",商业化 增长 业务 数据分析 需求 监测 核心 指标 定位问题 渠道 评估 活动 分析 用户 留存 专项 分析 输出 actionable 建议 搭建 维护 数据 业务 决策 数据分析 互联网 商业化 增长 分析 技能 sql 至少 一种 分析 python r bi tableau 逻辑 清晰 业务 理解 独立 解决问题 数学 统计 计算机
数据分析师,招聘岗位职责： 1. 基于历史销售数据搭建集团需求预测模型； 2. 结合设备效率、人员配置等搭建产能测算模型； 3. 从全集团计划数据（如库存、交付率、成本数据）中挖掘问题（如某类或某个物料库存积压，预测过高），输出洞察报告（如建议调整该物料预测参数，减少积压）。 岗位要求（教育、经验、技能等）： 1. 学历/专业：本科及以上，统筹学、数学等相关专业。 2. 工作经验：3年及以上相关岗位工作经验。 3. 知识：熟悉生产计划、物料计划管理知识，熟悉精益生产、库存控制、MRP等相关方面的知识。 4. 技能： 1) 会用 Tableau或Power BI 等相关专业软件制作集团计划数据仪表盘（如实时展示各工厂产能利用率、订单交付率），让管理层快速获取关键信息；从集团数据库提取数据，支撑分析需求。 2) 能理解集团计划业务逻辑（如S&OP 流程、跨工厂协同规则），确保数据分析方向匹配业务需求（如计划经理需要 “跨工厂调拨效率分析”，能精准定位分析维度）。,"['招聘', '历史', '销售', '数据', '搭建', '集团', '需求预测', '模型', '设备', '效率', '配置', '搭建', '产能', '测算', '模型', '从全', '集团', '计划', '数据', '库存', '交付', '成本', '数据', '挖掘', '某类', '物料', '库存', '积压', '预测', '过高', '输出', '洞察', '报告', '建议', '调整', '物料', '预测', '参数', '减少', '积压', '教育', '技能', '统筹学', '数学', '知识', '生产', '计划', '物料', '计划', '管理', '知识', '精益', '生产', '库存', '控制', 'mrp', '知识', '技能', 'tableau', 'powerbi', '软件', '制作', '集团', '计划', '数据', '仪表盘', '如实', '展示', '工厂', '产能', '利用率', '订单', '交付', '管理层', '快速', '获取', '关键', '信息', '集团', '数据库', '提取', '数据', '支撑', '分析', '需求', '理解', '集团', '计划', '业务', '逻辑', 's', 'op', '流程', '工厂', '规则', '确保', '数据分析', '方向', '匹配', '业务', '需求', '计划', '经理', '工厂', '调拨', '效率', '分析', '精准', '定位', '分析', '维度']",招聘 历史 销售 数据 搭建 集团 需求预测 模型 设备 效率 配置 搭建 产能 测算 模型 从全 集团 计划 数据 库存 交付 成本 数据 挖掘 某类 物料 库存 积压 预测 过高 输出 洞察 报告 建议 调整 物料 预测 参数 减少 积压 教育 技能 统筹学 数学 知识 生产 计划 物料 计划 管理 知识 精益 生产 库存 控制 mrp 知识 技能 tableau powerbi 软件 制作 集团 计划 数据 仪表盘 如实 展示 工厂 产能 利用率 订单 交付 管理层 快速 获取 关键 信息 集团 数据库 提取 数据 支撑 分析 需求 理解 集团 计划 业务 逻辑 s op 流程 工厂 规则 确保 数据分析 方向 匹配 业务 需求 计划 经理 工厂 调拨 效率 分析 精准 定位 分析 维度
数据分析师,1. 岗位职责： 1. 负责推荐领域的数据分析，通过科学的指标体系定义和探索性数据分析，准确描述业务现状，快速发现和定位各方向的问题与机会； 2. 通过主动的数据探索和挖掘来发现改进业务的机会，并转化为项目落地； 3. 设计并实施A/B实验，评估策略变更业务结果的影响，支持因果推断与归因分析 4. 将复杂问题进行拆解、定义，能根据业务需求完成较为深入的专项数据分析与洞察 2. 岗位要求： 1. 具有3年以上数据分析、数据挖掘相关工作经验，统计学、计算机、经济学等数据科学、计算机、数据挖掘相关专业本科以上学历； 2. 具备扎实的统计学、机器学习、因果推断等数据科学理论基础及应用经验； 3. 对数据价值探索充满热情，对数据敏感，善于从数据中发现问题，能够在不确定性的问题中构建框架，将数据转化为有效的信息定量洞察； 4. 熟悉A/B Testing实验理论和流程； 5. 具有良好的沟通表达能力和团队合作精神，有一定的组织协调能力，学习能力强有责任心，不断挑战自己,"['推荐', '领域', '数据分析', '科学', '指标体系', '定义', '探索性', '数据分析', '准确', '业务', '现状', '快速', '发现', '定位', '方向', '机会', '主动', '数据', '探索', '挖掘', '发现', '改进', '业务', '机会', '转化', '项目', '落地', '设计', '实施', 'a', 'b', '实验', '评估', '策略', '变更', '业务', '影响', '因果', '推断', '归因', '分析', '拆解', '定义', '业务', '需求', '专项', '数据分析', '洞察', '数据分析', '数据挖掘', '统计学', '计算机', '经济学', '数据', '科学', '计算机', '数据挖掘', '专业本科', '扎实', '统计学', '机器学习', '因果', '推断', '数据', '科学', '理论', '基础', '数据', '价值', '探索', '充满热情', '数据', '敏感', '善于', '数据', '发现', '不确定性', '构建', '框架', '数据', '转化', '信息', '定量', '洞察', 'a', 'b', 'testing', '实验', '理论', '流程', '表达能力', '合作', '精神', '组织协调', '强有', '责任心', '挑战']",推荐 领域 数据分析 科学 指标体系 定义 探索性 数据分析 准确 业务 现状 快速 发现 定位 方向 机会 主动 数据 探索 挖掘 发现 改进 业务 机会 转化 项目 落地 设计 实施 a b 实验 评估 策略 变更 业务 影响 因果 推断 归因 分析 拆解 定义 业务 需求 专项 数据分析 洞察 数据分析 数据挖掘 统计学 计算机 经济学 数据 科学 计算机 数据挖掘 专业本科 扎实 统计学 机器学习 因果 推断 数据 科学 理论 基础 数据 价值 探索 充满热情 数据 敏感 善于 数据 发现 不确定性 构建 框架 数据 转化 信息 定量 洞察 a b testing 实验 理论 流程 表达能力 合作 精神 组织协调 强有 责任心 挑战
数据分析师,职位描述 1、承接业务数据分析需求，产出专项分析报告，洞察做功机会； 2、负责业务指标体系构建、数据监控看板搭建和活动人群圈选； 3、通过数据挖掘分析，协同产研制定保险产品定价、风控策略。 任职要求 1、硕士研究生及以上学历，具备1～3年数据分析经验； 2、熟练使用SQL、Office等常用办公软件，熟悉Python优先； 3、有统计学基础，统计学、数学、金融等相关专业优先； 4、有较强的学习能力、良好的团队合作意识、较强的沟通能力； 5、有互联网电商、金融、支付从业经验者优先； 6、有保险产品定价、风控经验者优先。,"['承接', '业务', '数据分析', '需求', '产出', '专项', '分析报告', '洞察', '做功', '机会', '业务', '指标体系', '构建', '数据', '监控', '搭建', '活动', '人群', '圈选', '数据挖掘', '分析', '研制', '保险产品', '定价', '风控', '策略', '研究生', '数据分析', 'sql', 'office', '常用', '软件', 'python', '统计学', '基础', '统计学', '数学', '金融', '合作', '意识', '互联网', '电商', '金融', '支付', '从业', '保险产品', '定价', '风控']",承接 业务 数据分析 需求 产出 专项 分析报告 洞察 做功 机会 业务 指标体系 构建 数据 监控 搭建 活动 人群 圈选 数据挖掘 分析 研制 保险产品 定价 风控 策略 研究生 数据分析 sql office 常用 软件 python 统计学 基础 统计学 数学 金融 合作 意识 互联网 电商 金融 支付 从业 保险产品 定价 风控
数据分析师,工作职责 1. 负责全渠道销售数据的端到端管理，从采集、清洗到多维度分析，保障数据质量与业务决策的准确性。 2. 建立销售业绩、库存健康度、渠道动销效率等核心指标的监控体系，输出可落地的数据洞察与风险预警。 3. 结合白酒消费趋势、区域市场特征及消费者行为数据，为销售策略优化提供量化依据，提升整体经营效率。 4. 搭建可视化BI看板（Power BI/Tableau优先），定期输出销售分析报告，支撑管理层决策。 5. 联动市场、运营团队，量化评估促销活动的ROI，提出针对性的优化建议并推动落地。 任职要求 1. 本科及以上学历，统计学、数学、计算机或市场营销相关专业背景。 2. 熟练掌握Excel高级功能（数据透视表、VLOOKUP等），能独立使用SQL进行数据提取，具备Python/R/SPSS等分析工具的应用能力。 3. 熟悉Power BI/Tableau等BI工具，有白酒或快消品行业数据分析经验者优先。 4. 拥有3-5年数据分析实战经验，能快速理解酒类销售业务逻辑，将数据转化为业务行动方案。 5. 逻辑思维清晰，对数据敏感，具备良好的跨部门沟通能力与问题解决能力。,"['职责', '渠道', '销售', '数据', '管理', '采集', '清洗', '多维度', '分析', '保障', '数据', '质量', '业务', '决策', '准确性', '建立', '销售', '业绩', '库存', '健康', '渠道', '动销', '效率', '核心', '指标', '监控', '体系', '输出', '落地', '数据', '洞察', '风险', '预警', '白酒', '消费', '趋势', '区域', '市场', '特征', '消费者', '数据', '销售策略', '优化', '量化', '提升', '整体', '经营', '效率', '搭建', '可视化', 'bi', '看板', 'powerbi', 'tableau', '定期', '输出', '销售', '分析报告', '支撑', '管理层', '决策', '联动', '市场', '运营', '量化', '评估', '促销', '活动', 'roi', '提出', '针对性', '优化', '建议', '推动', '落地', '统计学', '数学', '计算机', '市场营销', '背景', 'excel', '高级', '功能', '数据', '透视', 'vlookup', '独立', 'sql', '数据', '提取', 'python', 'r', 'spss', '分析', 'powerbi', 'tableau', 'bi', '白酒', '消品', '行业', '数据分析', '拥有', '数据分析', '实战经验', '快速', '理解', '酒类', '销售业务', '逻辑', '数据', '转化', '业务', '方案', '逻辑思维', '清晰', '数据', '敏感', '跨部门', '解决']",职责 渠道 销售 数据 管理 采集 清洗 多维度 分析 保障 数据 质量 业务 决策 准确性 建立 销售 业绩 库存 健康 渠道 动销 效率 核心 指标 监控 体系 输出 落地 数据 洞察 风险 预警 白酒 消费 趋势 区域 市场 特征 消费者 数据 销售策略 优化 量化 提升 整体 经营 效率 搭建 可视化 bi 看板 powerbi tableau 定期 输出 销售 分析报告 支撑 管理层 决策 联动 市场 运营 量化 评估 促销 活动 roi 提出 针对性 优化 建议 推动 落地 统计学 数学 计算机 市场营销 背景 excel 高级 功能 数据 透视 vlookup 独立 sql 数据 提取 python r spss 分析 powerbi tableau bi 白酒 消品 行业 数据分析 拥有 数据分析 实战经验 快速 理解 酒类 销售业务 逻辑 数据 转化 业务 方案 逻辑思维 清晰 数据 敏感 跨部门 解决
